time,pos_x,pos_y,pos_z,vel_x,vel_y,vel_z,mass,altitude,delta_pos_x,delta_pos_y,delta_pos_z,delta_vel_x,delta_vel_y,delta_vel_z,phi_deg,psi_deg,time_to_go,sma,eccentricity,inclination_deg,target_sma,target_ecc,target_inc_deg
149.8,91748.3,74465.8,-51380.7,2211.1545,1037.2763,-338.5107,121175.5,76324.70286,-1336086.6,29243.6,102432.6,-5465.898,2776.4068,-48.4852,27.0329,0,320.6166,3389466.395,0.9213099217,92.43885178,6740599.4,0.02402729,97.461979
150.8,93963.31623,75499.84974,-51718.85689,2218.850498,1030.893247,-337.7712086,120858.555,77393.27019,-1333871.584,30277.64974,102094.4431,-5458.202002,2770.023747,-47.7457086,23.10613185,-4.676889562,316.5700769,3390649.405,0.9207736417,92.47521998,6740599.4,0.02402729,97.461979
151.8,96185.99455,76527.61529,-52056.24051,2226.509151,1024.637638,-336.996875,120541.61,78456.43073,-1331648.905,31305.41529,101757.0595,-5450.543349,2763.768138,-46.97137502,23.02288987,-4.632771641,315.5753831,3391837.924,0.9202385673,92.51194231,6740599.4,0.02402729,97.461979
152.8,98416.34067,77549.12465,-52392.85232,2234.186229,1018.380922,-336.2275613,120224.665,79514.22006,-1329418.559,32326.92465,101420.4477,-5442.866271,2757.511422,-46.2020613,22.93962715,-4.58873604,314.5807792,3393032.21,0.9196999913,92.54838699,6740599.4,0.02402729,97.461979
153.8,100654.3734,78564.37684,-52728.69727,2241.882426,1012.123339,-335.4631625,119907.72,80566.64505,-1327180.527,33342.17684,101084.6027,-5435.170074,2751.253839,-45.43766248,22.85632923,-4.544773261,313.5862532,3394232.411,0.9191578499,92.58455968,6740599.4,0.02402729,97.461979
154.8,102900.1121,79573.3711,-53063.78025,2249.598358,1005.86509,-334.7035933,119590.775,81613.71284,-1324934.788,34351.1711,100749.5197,-5427.454142,2744.99559,-44.67809332,22.77298371,-4.500875258,312.5917945,3395438.659,0.9186120839,92.62046538,6740599.4,0.02402729,97.461979
155.8,105153.5769,80576.10685,-53398.10605,2257.334572,999.6063365,-333.9487851,119273.83,82655.43084,-1322681.323,35353.90685,100415.194,-5419.717928,2738.736836,-43.92328511,22.68958003,-4.457035213,311.5973942,3396651.081,0.9180626382,92.65610846,6740599.4,0.02402729,97.461979
156.8,107414.7882,81572.58365,-53731.67939,2265.091556,993.3472065,-333.1986795,118956.885,83691.80664,-1320420.112,36350.38365,100081.6206,-5411.960944,2732.477707,-43.17317947,22.60610913,-4.413247124,310.6030444,3397869.793,0.9175094609,92.69149287,6740599.4,0.02402729,97.461979
157.8,109683.767,82562.80117,-54064.50496,2272.869749,987.0878019,-332.4532343,118639.94,84722.84803,-1318151.133,37340.60117,99748.79504,-5404.182751,2726.218302,-42.42773434,22.52256328,-4.369506153,309.6087386,3399094.905,0.916952503,92.72662204,6740599.4,0.02402729,97.461979
158.8,111960.5349,83546.75919,-54396.5874,2280.669544,980.8282008,-331.7124197,118322.995,85748.56295,-1315874.365,38324.55919,99416.7126,-5396.382956,2719.958701,-41.68691966,22.43893584,-4.325808339,308.6144708,3400326.523,0.9163917182,92.76149898,6740599.4,0.02402729,97.461979
159.8,114245.1112,84524.45662,-54727.93166,2288.485406,974.5660888,-330.9770617,118006.05,86768.95852,-1313589.789,39302.25662,99085.36834,-5388.567094,2713.696589,-40.95156165,22.35534311,-4.282226172,307.6203567,3401563.846,0.9158274738,92.796094,6740599.4,0.02402729,97.461979
160.8,116537.5133,85495.89141,-55058.54302,2296.322663,968.3035658,-330.2463975,117689.105,87784.04093,-1311297.387,40273.69141,98754.75698,-5380.729837,2707.434066,-40.22089751,22.27167538,-4.238691134,306.6262896,3402807.728,0.9152593812,92.83043803,6740599.4,0.02402729,97.461979
161.8,118837.7644,86461.06387,-55388.42593,2304.183514,962.0414202,-329.5201477,117372.16,88793.81885,-1308997.136,41238.86387,98424.87407,-5372.868986,2701.17192,-39.49464775,22.18788926,-4.195176682,305.6322267,3404058.554,0.9146872657,92.86454366,6740599.4,0.02402729,97.461979
162.8,121145.8882,87419.97436,-55717.5848,2312.068083,955.7795945,-328.7983372,117055.215,89798.30107,-1306689.012,42197.77436,98095.7152,-5364.984417,2694.910095,-38.77283719,22.10398462,-4.151683137,304.6381679,3405316.392,0.9141110976,92.8984119,6740599.4,0.02402729,97.461979
163.8,123461.9085,88372.62315,-56046.02409,2319.976491,949.5180312,-328.0809908,116738.27,90797.49642,-1304372.992,43150.42315,97767.27591,-5357.076009,2688.648531,-38.05549079,22.01996131,-4.108210825,303.6441133,3406581.308,0.9135308465,92.93204374,6740599.4,0.02402729,97.461979
164.8,125785.8492,89319.01049,-56373.74828,2327.908863,943.2566724,-327.3681336,116421.325,91791.4137,-1302049.051,44096.81049,97439.55172,-5349.143637,2682.387172,-37.3426336,21.9358192,-4.064760074,302.6500628,3407853.372,0.912946482,92.96544017,6740599.4,0.02402729,97.461979
165.8,128117.7342,90259.13654,-56700.76186,2335.865323,936.99546,-326.6597908,116104.38,92780.06173,-1299717.166,45036.93654,97112.53814,-5341.187177,2676.12596,-36.63429082,21.85155816,-4.021331218,301.6560163,3409132.653,0.9123579732,92.99860216,6740599.4,0.02402729,97.461979
166.8,130457.5879,91193.00143,-57027.06937,2343.845996,930.7343354,-325.9559878,115787.435,93763.44935,-1297377.312,45970.80143,96786.23063,-5333.206504,2669.864835,-35.93048779,21.76717806,-3.977924593,300.6619738,3410419.221,0.911765289,93.03153071,6740599.4,0.02402729,97.461979
167.8,132805.4343,92120.60522,-57352.67536,2351.85101,924.4732399,-325.25675,115470.49,94741.58542,-1295029.466,46898.40522,96460.62464,-5325.20149,2663.60374,-35.23124997,21.68267875,-3.934540539,299.6679352,3411713.148,0.9111683981,93.06422678,6740599.4,0.02402729,97.461979
168.8,135161.2981,93041.9479,-57677.5844,2359.880491,918.2121144,-324.5621029,115153.545,95714.47877,-1292673.602,47819.7479,96135.7156,-5317.172009,2657.342614,-34.53660293,21.5980601,-3.891179402,298.6739006,3413014.505,0.9105672688,93.09669136,6740599.4,0.02402729,97.461979
169.8,137525.2035,93957.02942,-58001.80111,2367.934569,911.9508996,-323.8720724,114836.6,96682.13828,-1290309.696,48734.82942,95811.49889,-5309.117931,2651.0814,-33.84657241,21.51332197,-3.84784153,297.6798699,3414323.366,0.9099618691,93.12892541,6740599.4,0.02402729,97.461979
170.8,139897.1754,94865.84965,-58325.3301,2376.013373,905.6895358,-323.1866842,114519.655,97644.57281,-1287937.725,49643.64965,95487.9699,-5301.039127,2644.820036,-33.16118425,21.42846424,-3.804527276,296.6858429,3415639.802,0.9093521668,93.1609299,6740599.4,0.02402729,97.461979
171.8,142277.2386,95768.40842,-58648.17603,2384.117033,899.4279629,-322.5059644,114202.71,98601.79127,-1285557.661,50546.20842,95165.12397,-5292.935467,2638.558463,-32.48046444,21.34348676,-3.761236997,295.6918198,3416963.89,0.9087381292,93.1927058,6740599.4,0.02402729,97.461979
172.8,144665.4178,96664.70549,-58970.34359,2392.245681,893.1661206,-321.8299391,113885.765,99553.80254,-1283169.482,51442.50549,94842.95641,-5284.806819,2632.296621,-31.80443911,21.2583894,-3.717971053,294.6978005,3418295.703,0.9081197235,93.22425407,6740599.4,0.02402729,97.461979
173.8,147061.7383,97554.74055,-59291.83748,2400.39945,886.9039484,-321.1586345,113568.82,100500.6155,-1280773.162,52332.54055,94521.46252,-5276.65305,2626.034448,-31.13313452,21.17317203,-3.674729811,293.7037849,3419635.319,0.9074969164,93.25557566,6740599.4,0.02402729,97.461979
174.8,149466.2251,98438.51326,-59612.66244,2408.578474,880.6413852,-320.492077,113251.875,101442.2392,-1278368.675,53216.31326,94200.63756,-5268.474026,2619.771885,-30.46657705,21.0878345,-3.631513639,292.709773,3420982.814,0.9068696745,93.28667153,6740599.4,0.02402729,97.461979
175.8,151878.9037,99316.02317,-59932.82323,2416.782887,874.3783698,-319.8302932,112934.93,102378.6824,-1275955.996,54093.82317,93880.47677,-5260.269613,2613.50887,-29.80479324,21.00237669,-3.588322913,291.7157648,3422338.265,0.9062379639,93.31754262,6740599.4,0.02402729,97.461979
176.8,154299.7994,100187.2698,-60252.32463,2425.012826,868.1148406,-319.1733098,112617.985,103309.9542,-1273535.101,54965.06982,93560.97537,-5252.039674,2607.245341,-29.14780976,20.91679846,-3.545158009,290.7217602,3423701.752,0.9056017504,93.3481899,6740599.4,0.02402729,97.461979
177.8,156728.9379,101052.2527,-60571.17146,2433.268426,861.8507355,-318.5211534,112301.04,104236.0634,-1271105.962,55830.05266,93242.12854,-5243.784074,2600.981235,-28.49565343,20.83109967,-3.502019312,289.7277592,3425073.355,0.9049609995,93.37861429,6740599.4,0.02402729,97.461979
178.8,159166.3449,101910.9711,-60889.36855,2441.549827,855.5859923,-317.8738512,111984.095,105157.0191,-1268668.555,56688.77108,92923.93145,-5235.502673,2594.716492,-27.84835119,20.74528018,-3.458907209,288.7337618,3426453.153,0.9043156764,93.40881674,6740599.4,0.02402729,97.461979
179.8,161612.0462,102763.4244,-61206.92079,2449.857168,849.3205483,-317.2314301,111667.15,106072.8303,-1266222.854,57541.22441,92606.37921,-5227.195332,2588.451048,-27.20593013,20.65933987,-3.415822092,287.7397679,3427841.228,0.9036657459,93.43879819,6740599.4,0.02402729,97.461979
180.8,164066.0679,103609.6119,-61523.83305,2458.190588,843.0543405,-316.5939175,111350.205,106983.5058,-1263768.832,58387.41192,92289.46695,-5218.861912,2582.184841,-26.56841749,20.57327859,-3.372764358,286.7457776,3429237.664,0.9030111725,93.46855956,6740599.4,0.02402729,97.461979
181.8,166528.4361,104449.5328,-61840.11027,2466.55023,836.7873057,-315.9613407,111033.26,107889.0549,-1261306.464,59227.33282,91973.18973,-5210.50227,2575.917806,-25.93584066,20.48709621,-3.329734408,285.7517907,3430642.542,0.9023519204,93.49810179,6740599.4,0.02402729,97.461979
182.8,168999.1772,105283.1862,-62155.75739,2474.936236,830.5193799,-315.3337272,110716.315,108789.4864,-1258835.723,60060.98624,91657.54261,-5202.116264,2569.64988,-25.30822715,20.4007926,-3.286732648,284.7578074,3432055.948,0.9016879533,93.52742581,6740599.4,0.02402729,97.461979
183.8,171478.3174,106110.5713,-62470.77938,2483.34875,824.2504993,-314.7111046,110399.37,109684.8094,-1256356.583,60888.37126,91342.52062,-5193.70375,2563.380999,-24.68560464,20.31436761,-3.243759491,283.7638275,3433477.968,0.9010192347,93.55653254,6740599.4,0.02402729,97.461979
184.8,173965.8835,106931.6869,-62785.18127,2491.787916,817.9805992,-314.0935009,110082.425,110575.0331,-1253869.016,61709.4869,91028.11873,-5185.264584,2557.111099,-24.06800094,20.22782111,-3.200815352,282.769851,3434908.687,0.9003457277,93.58542289,6740599.4,0.02402729,97.461979
185.8,176461.9022,107746.5321,-63098.96807,2500.253881,811.709615,-313.480944,109765.48,111460.1663,-1251372.998,62524.3321,90714.33193,-5176.798619,2550.840115,-23.45544401,20.14115296,-3.157900651,281.7758779,3436348.193,0.8996673949,93.61409778,6740599.4,0.02402729,97.461979
186.8,178966.4003,108555.1057,-63412.14485,2508.746793,805.4374813,-312.873462,109448.535,112340.2183,-1248868.5,63332.90574,90401.15515,-5168.305707,2544.567981,-22.84796197,20.05436303,-3.115015816,280.7819082,3437796.575,0.8989841988,93.64255812,6740599.4,0.02402729,97.461979
187.8,181479.4048,109357.4067,-63724.71669,2517.2668,799.1641327,-312.2710831,109131.59,113215.1982,-1246355.495,64135.20665,90088.58331,-5159.7857,2538.294633,-22.24558308,19.96745117,-3.072161279,279.7879419,3439253.922,0.8982961012,93.67080483,6740599.4,0.02402729,97.461979
188.8,184000.943,110153.4336,-64036.68872,2525.814051,792.8895032,-311.6738357,108814.645,114085.115,-1243833.957,64931.23358,89776.61128,-5151.238449,2532.020003,-21.64833575,19.88041725,-3.029337474,278.7939789,3440720.325,0.8976030639,93.69883881,6740599.4,0.02402729,97.461979
189.8,186531.0421,110943.1852,-64348.06609,2534.388699,786.6135263,-311.0817485,108497.7,114949.9779,-1241303.858,65720.98521,89465.23391,-5142.663801,2525.744026,-21.05624855,19.79326114,-2.986544845,277.8000192,3442195.875,0.896905048,93.72666096,6740599.4,0.02402729,97.461979
190.8,189069.7296,111726.6602,-64658.85395,2542.990895,780.3361353,-310.4948502,108180.755,115809.7961,-1238765.17,66504.46016,89154.44605,-5134.061605,2519.466635,-20.4693502,19.70598269,-2.943783839,276.8060629,3443680.666,0.8962020143,93.75427217,6740599.4,0.02402729,97.461979
191.8,191617.0331,112503.857,-64969.05753,2551.620794,774.0572631,-309.9131696,107863.81,116664.5787,-1236217.867,67281.65699,88844.24247,-5125.431706,2513.187763,-19.88766956,19.61858176,-2.901054908,275.8121099,3445174.792,0.8954939233,93.78167335,6740599.4,0.02402729,97.461979
192.8,194172.9804,113274.7742,-65278.68204,2560.278549,767.7768421,-309.3367357,107546.865,117514.3349,-1233661.92,68052.57417,88534.61796,-5116.773951,2506.907342,-19.31123567,19.53105821,-2.858358512,274.8181601,3446678.347,0.894780735,93.80886539,6740599.4,0.02402729,97.461979
193.8,196737.5995,114039.4101,-65587.73276,2568.964318,761.4948042,-308.7655777,107229.92,118359.0739,-1231097.3,68817.21013,88225.56724,-5108.088182,2500.625304,-18.7400777,19.44341191,-2.815695113,273.8242137,3448191.428,0.8940624091,93.83584916,6740599.4,0.02402729,97.461979
194.8,199310.9185,114797.7632,-65896.21496,2577.678258,755.2110812,-308.199725,106912.975,119198.8049,-1228523.982,69575.56322,87917.08504,-5099.374242,2494.341581,-18.17422501,19.35564271,-2.773065181,272.8302705,3449714.133,0.8933389048,93.86262557,6740599.4,0.02402729,97.461979
195.8,201892.9655,115549.8317,-66204.13398,2586.420528,748.9256041,-307.6392071,106596.03,120033.5372,-1225941.935,70327.63171,87609.16602,-5090.631972,2488.056104,-17.61370707,19.26775048,-2.730469192,271.8363305,3451246.56,0.8926101809,93.88919548,6740599.4,0.02402729,97.461979
196.8,204483.769,116295.6138,-66511.49517,2595.191289,742.6383037,-307.0840536,106279.085,120863.2801,-1223351.131,71073.41382,87301.80483,-5081.861211,2481.768804,-17.05855355,19.17973507,-2.687907628,270.8423938,3452788.809,0.8918761958,93.91555978,6740599.4,0.02402729,97.461979
197.8,207083.3576,117035.1077,-66818.30389,2603.990702,736.3491103,-306.5342943,105962.14,121688.0428,-1220751.542,71812.90769,86994.99611,-5073.061798,2475.47961,-16.50879427,19.09159635,-2.645380974,269.8484603,3454340.982,0.8911369076,93.94171934,6740599.4,0.02402729,97.461979
198.8,209691.76,117768.3114,-67124.56556,2612.81893,730.0579538,-305.9899592,105645.195,122507.8346,-1218143.14,72546.11138,86688.73444,-5064.23357,2469.188454,-15.96445921,19.00333416,-2.602889725,268.8545301,3455903.18,0.8903922737,93.96767504,6740599.4,0.02402729,97.461979
199.8,212309.0051,118495.2229,-67430.28563,2621.676138,723.7647635,-305.4510785,105328.25,123322.6648,-1215525.895,73273.02292,86383.01437,-5055.376362,2462.895264,-15.4255785,18.91494837,-2.56043438,267.8606031,3457475.507,0.8896422513,93.99342773,6740599.4,0.02402729,97.461979
200.8,214935.122,119215.8402,-67735.46955,2630.562493,717.4694685,-304.9176824,105011.305,124132.5428,-1212899.778,73993.64021,86077.83045,-5046.490007,2456.599969,-14.89218244,18.82643884,-2.518015445,266.8666793,3459058.068,0.888886797,94.01897829,6740599.4,0.02402729,97.461979
201.8,217570.1399,119930.1611,-68040.12283,2639.47816,711.1719973,-304.3898015,104694.36,124937.4779,-1210264.76,74707.96113,85773.17717,-5037.57434,2450.302497,-14.36430151,18.73780541,-2.475633431,265.8727588,3460650.971,0.8881258671,94.04432757,6740599.4,0.02402729,97.461979
202.8,220214.0882,120638.1835,-68344.251,2648.42331,704.8722778,-303.8674663,104377.415,125737.4796,-1207620.812,75415.98345,85469.049,-5028.62919,2444.002778,-13.84196633,18.64904795,-2.433288856,264.8788414,3462254.321,0.8873594174,94.06947644,6740599.4,0.02402729,97.461979
203.8,222866.9964,121339.9049,-68647.85962,2657.398113,698.5702376,-303.3507077,104060.47,126532.5572,-1204967.904,76117.70491,85165.44038,-5019.654387,2437.700738,-13.32520771,18.56016632,-2.390982247,263.8849273,3463868.228,0.8865874031,94.09442574,6740599.4,0.02402729,97.461979
204.8,225528.8943,122035.3231,-68950.95428,2666.40274,692.265804,-302.8395566,103743.525,127322.7202,-1202306.006,76813.12313,84862.34572,-5010.64976,2431.396304,-12.81405662,18.47116036,-2.348714133,262.8910164,3465492.803,0.8858097793,94.11917633,6740599.4,0.02402729,97.461979
205.8,228199.8119,122724.4357,-69253.54061,2675.437366,685.9589033,-302.3340442,103426.58,128107.9779,-1199635.088,77502.23569,84559.75939,-5001.615134,2425.089403,-12.30854417,18.38202994,-2.306485054,261.8971087,3467128.158,0.8850265001,94.14372905,6740599.4,0.02402729,97.461979
206.8,230879.7791,123407.2401,-69555.62426,2684.502165,679.6494619,-301.8342017,103109.635,128888.3399,-1196955.121,78185.04009,84257.67574,-4992.550335,2418.779962,-11.80870169,18.2927749,-2.264295554,260.9032042,3468774.405,0.8842375197,94.16808475,6740599.4,0.02402729,97.461979
207.8,233568.8263,124083.7337,-69857.21092,2693.597313,673.3374052,-301.3400606,102792.69,129663.8157,-1194266.074,78861.53375,83956.08908,-4983.455187,2412.467905,-11.31456065,18.2033951,-2.222146185,259.909303,3470431.659,0.8834427913,94.19224428,6740599.4,0.02402729,97.461979
208.8,236266.9839,124753.914,-70158.3063,2702.722989,667.0226584,-300.8516527,102475.745,130434.4147,-1191567.916,79531.714,83654.9937,-4974.329511,2406.153158,-10.82615268,18.11389039,-2.180037506,258.915405,3472100.036,0.882642268,94.21620846,6740599.4,0.02402729,97.461979
209.8,238974.2825,125417.7781,-70458.91614,2711.879373,660.7051462,-300.3690096,102158.8,131200.1466,-1188860.617,80195.57814,83354.38386,-4965.173127,2399.835646,-10.34350961,18.02426062,-2.137970083,257.9215103,3473779.654,0.8818359022,94.23997814,6740599.4,0.02402729,97.461979
210.8,241690.753,126075.3234,-70759.04625,2721.066646,654.3847926,-299.8921634,101841.855,131961.0208,-1186144.147,80853.12335,83054.25375,-4955.985854,2393.515293,-9.866663439,17.93450564,-2.09594449,256.9276188,3475470.632,0.8810236458,94.26355414,6740599.4,0.02402729,97.461979
211.8,244416.4262,126726.5468,-71058.70241,2730.284991,648.0615212,-299.4211463,101524.91,132717.047,-1183418.474,81504.34675,82754.59759,-4946.767509,2387.192021,-9.395646323,17.8446253,-2.053961306,255.9337306,3477173.091,0.8802054503,94.28693729,6740599.4,0.02402729,97.461979
212.8,247151.3334,127371.4454,-71357.89049,2739.534592,641.735255,-298.9559906,101207.965,133468.2348,-1180683.567,82149.24539,82455.40951,-4937.517908,2380.865755,-8.930490608,17.75461946,-2.012021121,254.9398456,3478887.152,0.8793812666,94.31012842,6740599.4,0.02402729,97.461979
213.8,249895.5058,128010.0162,-71656.61636,2748.815637,635.4059165,-298.4967288,100891.02,134214.5938,-1177939.394,82787.81624,82156.68364,-4928.236863,2374.536417,-8.471228812,17.66448796,-1.97012453,253.9459639,3480612.94,0.8785510451,94.33312835,6740599.4,0.02402729,97.461979
214.8,252648.9752,128642.2562,-71954.88593,2758.128313,629.0734278,-298.0433936,100574.075,134956.1337,-1175185.925,83420.05618,81858.41407,-4918.924187,2368.203928,-8.017893634,17.57423065,-1.928272135,252.9520856,3482350.58,0.8777147357,94.3559379,6740599.4,0.02402729,97.461979
215.8,255411.7731,129268.162,-72252.70513,2767.472809,622.7377101,-297.5960179,100257.13,135692.8641,-1172423.127,84045.96202,81560.59487,-4909.579691,2361.86821,-7.570517947,17.48384737,-1.88646455,251.9582105,3484100.199,0.8768722877,94.37855788,6740599.4,0.02402729,97.461979
216.8,258183.9315,129887.7305,-72550.07996,2776.849319,616.3986844,-297.1546348,99940.185,136424.7949,-1169650.969,84665.53049,81263.22004,-4900.203181,2355.529184,-7.129134808,17.39333797,-1.844702392,250.9643388,3485861.927,0.8760236499,94.4009891,6740599.4,0.02402729,97.461979
217.8,260965.4824,130500.9583,-72847.01641,2786.258034,610.0562709,-296.7192775,99623.24,137151.9357,-1166869.418,85278.75826,80966.28359,-4890.794466,2349.186771,-6.693777451,17.3027023,-1.80298629,249.9704705,3487635.892,0.8751687706,94.42323238,6740599.4,0.02402729,97.461979
218.8,263756.4583,131107.8419,-73143.52053,2795.69915,603.7103893,-296.2899793,99306.295,137874.2963,-1164078.442,85885.64188,80669.77947,-4881.35335,2342.840889,-6.264479294,17.2119402,-1.761316878,248.9766055,3489422.228,0.8743075974,94.44528852,6740599.4,0.02402729,97.461979
219.8,266556.8916,131708.3779,-73439.5984,2805.172864,597.3609588,-295.8667739,98989.35,138591.8865,-1161278.008,86486.17785,80373.7016,-4871.879636,2336.491459,-5.841273937,17.12105152,-1.719694801,247.9827439,3491221.069,0.8734400774,94.46715833,6740599.4,0.02402729,97.461979
220.8,269366.815,132302.5626,-73735.25613,2814.679375,591.0078978,-295.4496952,98672.405,139304.7162,-1158468.085,87080.36259,80078.04387,-4862.373125,2330.138398,-5.424195163,17.03003609,-1.67812071,246.9888857,3493032.55,0.8725661572,94.4888426,6740599.4,0.02402729,97.461979
221.8,272186.2614,132890.3924,-74030.49985,2824.218884,584.6511244,-295.0387769,98355.46,140012.7952,-1155648.639,87668.19241,79782.80015,-4852.833616,2323.781624,-5.013276939,16.93889376,-1.636595268,245.995031,3494856.809,0.8716857828,94.51034213,6740599.4,0.02402729,97.461979
222.8,275015.2638,133471.8636,-74325.33574,2833.791593,578.2905558,-294.6340534,98038.515,140716.1333,-1152819.636,88249.66357,79487.96426,-4843.260907,2317.421056,-4.60855342,16.84762438,-1.595119144,245.0011798,3496693.985,0.8707988995,94.53165772,6740599.4,0.02402729,97.461979
223.8,277853.8557,134046.9722,-74619.77003,2843.397706,571.9261088,-294.2355589,97721.57,141414.7406,-1149981.044,88824.77223,79193.52997,-4833.654794,2311.056609,-4.210058945,16.75622777,-1.553693016,244.007332,3498544.22,0.869905452,94.55279015,6740599.4,0.02402729,97.461979
224.8,280702.0704,134615.7145,-74913.80895,2853.037431,565.5576994,-293.843328,97404.625,142108.6269,-1147132.83,89393.51447,78899.49105,-4824.015069,2304.688199,-3.817828041,16.66470377,-1.512317573,243.0134877,3500407.656,0.8690053846,94.57374022,6740599.4,0.02402729,97.461979
225.8,283559.9418,135178.0863,-75207.45879,2862.710975,559.1852431,-293.4573954,97087.68,142797.8022,-1144274.958,89955.88628,78605.84121,-4814.341525,2298.315743,-3.431895424,16.57305223,-1.470993511,242.0196471,3502284.439,0.8680986407,94.5945087,6740599.4,0.02402729,97.461979
226.8,286427.5037,135734.0836,-75500.72585,2872.418549,552.8086547,-293.077796,96770.735,143482.2766,-1141407.396,90511.88357,78312.57415,-4804.633951,2291.939155,-3.052295997,16.48127299,-1.429721536,241.0258099,3504174.717,0.8671851633,94.61509639,6740599.4,0.02402729,97.461979
227.8,289304.7903,136283.7022,-75793.6165,2882.160365,546.4278484,-292.7045649,96453.79,144162.0601,-1138530.11,91061.50218,78019.6835,-4794.892135,2285.558348,-2.679064856,16.38936587,-1.388502366,240.0319765,3506078.637,0.8662648947,94.63550407,6740599.4,0.02402729,97.461979
228.8,292191.836,136826.9378,-76086.13712,2891.936638,540.0427376,-292.3377373,96136.845,144837.1627,-1135643.064,91604.73784,77727.16288,-4785.115862,2279.173238,-2.312237286,16.29733071,-1.347336725,239.0381466,3507996.352,0.8653377765,94.6557325,6740599.4,0.02402729,97.461979
229.8,295088.6752,137363.7862,-76378.29412,2901.747585,533.6532353,-291.9773488,95819.9,145507.5946,-1132746.225,92141.58619,77435.00588,-4775.304915,2272.783735,-1.951848764,16.20516735,-1.306225348,238.0443205,3509928.014,0.8644037496,94.67578247,6740599.4,0.02402729,97.461979
230.8,297995.3428,137894.2428,-76670.09397,2911.593424,527.2592536,-291.623435,95502.955,146173.3658,-1129839.557,92672.04281,77143.20603,-4765.459076,2266.389754,-1.597934959,16.11287561,-1.265168982,237.050498,3511873.78,0.8634627545,94.69565474,6740599.4,0.02402729,97.461979
231.8,300911.8737,138418.3032,-76961.54316,2921.474377,520.8607039,-291.2760317,95186.01,146834.4866,-1126923.026,93196.10318,76851.75684,-4755.578123,2259.991204,-1.250531736,16.02045533,-1.224168382,236.0566794,3513833.806,0.8625147307,94.71535008,6740599.4,0.02402729,97.461979
232.8,303838.3033,138935.9627,-77252.64822,2931.390665,514.457497,-290.9351752,94869.065,147490.9672,-1123996.597,93713.76267,76560.65178,-4745.661835,2253.587997,-0.9096751508,15.92790633,-1.183224314,235.0628645,3515808.253,0.8615596172,94.73486926,6740599.4,0.02402729,97.461979
233.8,306774.6669,139447.2166,-77543.41571,2941.342514,508.0495429,-290.6009015,94552.12,148142.8178,-1121060.233,94225.01659,76269.88429,-4735.709986,2247.180043,-0.5754014564,15.83522846,-1.142337554,234.0690535,3517797.282,0.8605973524,94.75421305,6740599.4,0.02402729,97.461979
234.8,309721.0002,139952.0601,-77833.85223,2951.330152,501.6367512,-290.2732471,94235.175,148790.0487,-1118113.9,94729.86014,75979.44777,-4725.722348,2240.767251,-0.247747101,15.74242152,-1.101508891,233.0752464,3519801.057,0.8596278737,94.7733822,6740599.4,0.02402729,97.461979
235.8,312677.3392,140450.4884,-78123.96442,2961.353809,495.2190302,-289.9522487,93918.23,149432.6702,-1115157.561,95228.28845,75689.33558,-4715.698691,2234.34953,0.07325127083,15.64948535,-1.060739121,232.0814432,3521819.746,0.8586511181,94.79237747,6740599.4,0.02402729,97.461979
236.8,315643.7199,140942.4965,-78413.75896,2971.413716,488.796288,-289.6379432,93601.285,150070.6927,-1112191.18,95720.29653,75399.54104,-4705.638784,2227.926788,0.387556817,15.55641978,-1.020029056,231.087644,3523853.517,0.8576670217,94.81119961,6740599.4,0.02402729,97.461979
237.8,318620.1788,141428.0793,-78703.24255,2981.510107,482.3684317,-289.3303675,93284.34,150704.1265,-1109214.721,96205.87932,75110.05745,-4695.542393,2221.498932,0.6951324978,15.46322462,-0.9793795146,230.0938489,3525902.542,0.8566755199,94.82984938,6740599.4,0.02402729,97.461979
238.8,321606.7524,141907.2317,-78992.42195,2991.64322,475.9353676,-289.0295589,92967.395,151332.982,-1106228.148,96685.03166,74820.87805,-4685.40928,2215.065868,0.9959410745,15.3698997,-0.9387913301,229.1000578,3527966.994,0.8556765474,94.84832754,6740599.4,0.02402729,97.461979
239.8,324603.4776,142379.9483,-79281.30394,3001.813293,469.4970014,-288.7355549,92650.45,151957.2698,-1103231.422,97157.74829,74531.99606,-4675.239207,2208.627501,1.28994511,15.27644483,-0.8982653461,228.1062709,3530047.049,0.8546700381,94.86663482,6740599.4,0.02402729,97.461979
240.8,327610.3914,142846.2239,-79569.89534,3012.020568,463.0532378,-288.448393,92333.505,152577.0002,-1100224.509,97624.02386,74243.40466,-4665.031932,2202.183738,1.577106966,15.18285985,-0.8578024186,227.1124881,3532142.887,0.8536559251,94.88477197,6740599.4,0.02402729,97.461979
241.8,330627.5312,143306.0529,-79858.20301,3022.265289,456.603981,-288.1681112,92016.56,153192.1839,-1097207.369,98083.85293,73955.09699,-4654.787211,2195.734481,1.857388804,15.08914455,-0.8174034155,226.1187096,3534254.688,0.8526341408,94.90273974,6740599.4,0.02402729,97.461979
242.8,333654.9345,143759.43,-80146.23387,3032.547701,450.1491341,-287.8947474,91699.615,153802.8315,-1094179.965,98537.22996,73667.06613,-4644.504799,2189.279634,2.130752587,14.99529877,-0.7770692172,225.1249354,3536382.638,0.8516046168,94.92053887,6740599.4,0.02402729,97.461979
243.8,336692.6392,144206.3493,-80433.99483,3042.868055,443.6885995,-287.6283399,91382.67,154408.9534,-1091142.261,98984.1493,73379.30517,-4634.184445,2182.8191,2.397160073,14.90132232,-0.7368007166,224.1311656,3538526.921,0.8505672839,94.93817009,6740599.4,0.02402729,97.461979
244.8,339740.6834,144646.8052,-80721.49288,3053.226601,437.2222789,-287.3689272,91065.725,155010.5605,-1088094.217,99424.60523,73091.80712,-4623.825899,2176.352779,2.65657282,14.807215,-0.6965988195,223.1374002,3540687.729,0.8495220721,94.95563414,6740599.4,0.02402729,97.461979
245.8,342799.1053,145080.7919,-81008.73503,3063.623593,430.750073,-287.1165478,90748.78,155607.6634,-1085035.795,99858.5919,72804.56497,-4613.428907,2169.880573,2.908952182,14.71297663,-0.6564644447,222.1436393,3542865.252,0.8484689104,94.97293176,6740599.4,0.02402729,97.461979
246.8,345867.9435,145508.3034,-81295.72833,3074.059289,424.2718816,-286.8712407,90431.835,156200.2728,-1081966.957,100286.1034,72517.57167,-4602.993211,2163.402382,3.154259313,14.61860702,-0.6163985243,221.1498829,3545059.687,0.8474077272,94.99006367,6740599.4,0.02402729,97.461979
247.8,348947.2368,145929.3336,-81582.47988,3084.533947,417.7876039,-286.6330448,90114.89,156788.3995,-1078887.663,100707.1336,72230.82012,-4592.518553,2156.918104,3.392455162,14.52410598,-0.5764020039,220.1561312,3547271.23,0.8463384501,95.00703061,6740599.4,0.02402729,97.461979
248.8,352037.0244,146343.8765,-81868.9968,3095.04783,411.2971379,-286.4019995,89797.945,157372.0544,-1075797.876,101121.6765,71944.3032,-4582.00467,2150.427638,3.623500472,14.42947332,-0.5364758429,219.1623842,3549500.083,0.8452610054,95.02383331,6740599.4,0.02402729,97.461979
249.8,355137.3456,146751.9258,-82155.28628,3105.601202,404.8003809,-286.1781442,89481,157951.2482,-1072697.554,101529.7258,71658.01372,-4571.451298,2143.930881,3.847355788,14.33470883,-0.4966210147,218.1686419,3551746.449,0.8441753191,95.04047248,6740599.4,0.02402729,97.461979
250.8,358248.2401,147153.4752,-82441.3555,3116.194331,398.2972293,-285.9615186,89164.055,158525.992,-1069586.66,101931.2752,71371.9445,-4560.858169,2137.427729,4.063981445,14.23981233,-0.4568385072,217.1749044,3554010.536,0.8430813158,95.05694886,6740599.4,0.02402729,97.461979
251.8,361369.7476,147548.5181,-82727.21174,3126.827488,391.7875785,-285.7521624,88847.11,159096.2967,-1066465.152,102326.3181,71086.08826,-4550.225012,2130.918079,4.273337577,14.14478361,-0.4171293225,216.1811719,3556292.553,0.8419789196,95.07326316,6740599.4,0.02402729,97.461979
252.8,364501.9085,147937.0481,-83012.86226,3137.500946,385.271323,-285.5501159,88530.165,159662.1733,-1063332.992,102714.8481,70800.43774,-4539.551554,2124.401823,4.475384114,14.04962247,-0.377494478,215.1874444,3558592.713,0.8408680534,95.0894161,6740599.4,0.02402729,97.461979
253.8,367644.7631,148319.0585,-83298.31442,3148.21498,378.7483564,-285.3554192,88213.22,160223.6327,-1060190.137,103096.8585,70514.98558,-4528.83752,2117.878856,4.670080779,13.95432871,-0.3379350058,214.1937219,3560911.233,0.8397486393,95.10540841,6740599.4,0.02402729,97.461979
254.8,370798.3521,148694.5425,-83583.57557,3158.969871,372.2185712,-285.1681129,87896.275,160780.6862,-1057036.548,103472.3425,70229.72443,-4518.082629,2111.349071,4.857387093,13.85890213,-0.2984519536,213.2000045,3563248.332,0.8386205985,95.12124079,6740599.4,0.02402729,97.461979
255.8,373962.7165,149063.4933,-83868.65312,3169.7659,365.6818592,-284.9882376,87579.33,161333.3449,-1053872.183,103841.2933,69944.64688,-4507.2866,2104.812359,5.037262372,13.76334252,-0.259046385,212.2062924,3565604.233,0.8374838511,95.13691396,6740599.4,0.02402729,97.461979
256.8,377137.8977,149425.9039,-84153.55453,3180.603349,359.1381227,-284.8158329,87262.385,161881.6199,-1050697.002,104203.7039,69659.74547,-4496.449151,2098.268623,5.209667136,13.66844382,-0.2200232819,211.2205713,3567979.162,0.8363383167,95.15242865,6740599.4,0.02402729,97.461979
257.8,380323.9371,149781.7672,-84438.28729,3191.48251,352.5872428,-284.6509406,86945.44,162425.5226,-1047510.963,104559.5672,69375.01271,-4485.56999,2091.717743,5.374559387,13.57252216,-0.180736447,210.2258762,3570373.349,0.8351839131,95.16778557,6740599.4,0.02402729,97.461979
258.8,383520.8767,150131.076,-84722.85893,3202.403674,346.0291049,-284.4936026,86628.495,162965.0641,-1044314.023,104908.876,69090.44107,-4474.648826,2085.159605,5.531897405,13.47646656,-0.1415305311,209.2311865,3572787.027,0.8340205576,95.1829854,6740599.4,0.02402729,97.461979
259.8,386728.7586,150473.823,-85007.27703,3213.367135,339.4635965,-284.3438603,86311.55,163500.2559,-1041106.141,105251.623,68806.02297,-4463.685365,2078.594096,5.681639686,13.38027681,-0.1024066667,208.2365025,3575220.435,0.8328481662,95.19802887,6740599.4,0.02402729,97.461979
260.8,389947.6252,150810.0007,-85291.5492,3224.373192,332.8906041,-284.2017555,85994.605,164031.1093,-1037887.275,105587.8007,68521.7508,-4452.679308,2072.021104,5.823744527,13.28395271,-0.06336600389,207.2418241,3577673.811,0.8316666541,95.21291667,6740599.4,0.02402729,97.461979
261.8,393177.5193,151139.6016,-85575.6831,3235.422146,326.3100133,-284.06733,85677.66,164557.6358,-1034657.381,105917.4016,68237.6169,-4441.630354,2065.440513,5.958170019,13.18749401,-0.02440971026,206.2471515,3580147.401,0.8304759354,95.22764952,6740599.4,0.02402729,97.461979
262.8,396418.4839,151462.6181,-85859.68643,3246.514301,319.7217084,-283.9406259,85360.715,165079.8468,-1031416.416,106240.4181,67953.61357,-4430.538199,2058.852208,6.084874051,13.09090052,0.01446102841,205.2524848,3582641.453,0.829275923,95.24222811,6740599.4,0.02402729,97.461979
263.8,399670.5624,151779.0424,-86143.56694,3257.649965,313.1255726,-283.8216857,85043.77,165597.7539,-1028164.338,106556.8424,67669.73306,-4419.402535,2052.256073,6.203814313,12.99417199,0.05324500795,204.2578241,3585156.219,0.8280665289,95.25665314,6740599.4,0.02402729,97.461979
264.8,402933.7984,152088.8666,-86427.3324,3268.829449,306.5214881,-283.7105517,84726.825,166111.3688,-1024901.102,106866.6666,67385.9676,-4408.223051,2045.651988,6.31494829,12.89730822,0.09194100539,203.2631695,3587691.955,0.8268476638,95.27092532,6740599.4,0.02402729,97.461979
265.8,406208.236,152392.0827,-86710.99066,3280.053068,299.9093357,-283.6072668,84409.88,166620.703,-1021626.664,107169.8827,67102.30934,-4396.999432,2039.039836,6.418233178,12.80137562,0.1301240177,202.2794512,3590248.921,0.8256192374,95.28504535,6740599.4,0.02402729,97.461979
266.8,409493.9194,152688.6826,-86994.54957,3291.32114,293.2889955,-283.5118738,84092.935,167125.7682,-1018340.981,107466.4826,66818.75043,-4385.73136,2032.419495,6.513626155,12.70424215,0.1686413063,201.2848089,3592827.381,0.8243811583,95.29901392,6740599.4,0.02402729,97.461979
267.8,412790.8932,152978.658,-87278.01705,3302.633987,286.6603461,-283.4244159,83775.99,167626.5763,-1015044.007,107756.458,66535.28295,-4374.418513,2025.790846,6.601084109,12.60697273,0.2070668414,200.2901731,3595427.605,0.8231333338,95.31283172,6740599.4,0.02402729,97.461979
268.8,416099.2024,153262.0005,-87561.40106,3313.991934,280.023265,-283.3449363,83459.045,168123.139,-1011735.698,108039.8005,66251.89894,-4363.060566,2019.153765,6.68056373,12.50956713,0.2453993213,199.2955437,3598049.865,0.82187567,95.32649947,6740599.4,0.02402729,97.461979
269.8,419418.8922,153538.7016,-87844.7096,3325.395311,273.3776286,-283.2734785,83142.1,168615.4682,-1008416.008,108316.5016,65968.5904,-4351.657189,2012.508129,6.752021513,12.41202512,0.2836374234,198.300921,3600694.438,0.820608072,95.34001784,6740599.4,0.02402729,97.461979
270.8,422750.0082,153808.7528,-88127.95071,3336.84445,266.7233119,-283.2100862,82825.155,169103.5759,-1005084.892,108586.5528,65685.34929,-4340.20805,2005.853812,6.815413758,12.31434645,0.3217798039,197.306305,3603361.606,0.8193304436,95.35338754,6740599.4,0.02402729,97.461979
271.8,426092.5964,154072.1453,-88411.13247,3348.339688,260.0601887,-283.1548034,82508.21,169587.474,-1001742.304,108849.9453,65402.16753,-4328.712812,1999.190689,6.870696571,12.21653088,0.3598250973,196.3116959,3606051.656,0.8180426871,95.36660925,6740599.4,0.02402729,97.461979
272.8,429446.7031,154328.8702,-88694.26303,3359.881366,253.3881315,-283.1076741,82191.265,170067.1747,-998388.1969,109106.6702,65119.03697,-4317.171134,1992.518631,6.917825866,12.11857817,0.3977719161,195.3170938,3608764.877,0.8167447039,95.37968368,6740599.4,0.02402729,97.461979
273.8,432812.3748,154578.9186,-88977.35055,3371.469828,246.7070115,-283.0687426,81874.32,170542.6899,-995022.5252,109356.7186,64835.94945,-4305.582672,1985.837511,6.956757367,12.02048807,0.43561885,194.3224988,3611501.568,0.8154363939,95.3926115,6740599.4,0.02402729,97.461979
274.8,436189.6585,154822.2812,-89260.40326,3383.105423,240.0166987,-283.0380534,81557.375,171014.0319,-991645.2415,109600.0812,64552.89674,-4293.947077,1979.147199,6.987446608,11.92226032,0.4733644659,193.327911,3614262.027,0.8141176558,95.40539342,6740599.4,0.02402729,97.461979
275.8,439578.6014,155058.9488,-89543.42942,3394.788503,233.3170618,-283.0156511,81240.43,171481.213,-988256.2986,109836.7488,64269.87058,-4282.263997,1972.447562,7.009848939,11.82389468,0.511007307,192.3333306,3617046.56,0.8127883869,95.41803012,6740599.4,0.02402729,97.461979
276.8,442979.2514,155288.9122,-89826.43734,3406.519425,226.6079676,-283.0015806,80923.485,171944.2454,-984855.6486,110066.7122,63986.86266,-4270.533075,1965.738468,7.023919432,11.72647409,0.5481339526,191.349687,3619855.479,0.8114484832,95.4305223,6740599.4,0.02402729,97.461979
277.801,446395.0747,155512.3815,-90109.71837,3418.310354,219.8825588,-282.9958853,80606.22306,172403.5983,-981439.8253,110290.1815,63703.58163,-4258.742146,1959.013059,7.029614679,11.62783339,0.5855679479,190.3551216,3622691.945,0.8100964832,95.44288291,6740599.4,0.02402729,97.461979
278.801,449819.2948,155728.9006,-90392.71492,3430.138096,213.1541371,-282.998622,80289.27806,172858.3663,-978015.6052,110506.7006,63420.58508,-4246.914404,1952.284637,7.02687799,11.52905403,0.6228946687,189.360564,3625550.613,0.8087349813,95.45508796,6740599.4,0.02402729,97.461979
279.801,453255.3672,155938.6865,-90675.71844,3442.014776,206.4158516,-283.0098261,79972.33306,173309.023,-974579.5328,110716.4865,63137.58156,-4235.037724,1945.546352,7.015673916,11.43013571,0.6601125594,188.3660143,3628434.63,0.807362524,95.46715054,6740599.4,0.02402729,97.461979
280.801,456703.3408,156141.729,-90958.73741,3453.940769,199.667564,-283.0295431,79655.38806,173755.5808,-971131.5592,110919.529,62854.56259,-4223.111731,1938.798064,6.995956907,11.33107819,0.697220038,187.3714727,3631344.329,0.8059790017,95.47907136,6740599.4,0.02402729,97.461979
281.801,460163.2653,156338.0182,-91241.78038,3465.916451,192.9091344,-283.0578188,79338.44306,174198.0525,-967671.6347,111115.8182,62571.51962,-4211.136049,1932.039634,6.967681241,11.23188119,0.7342154958,186.3769393,3634280.048,0.8045843033,95.4908511,6740599.4,0.02402729,97.461979
282.801,463635.1904,156527.5438,-91524.85592,3477.942207,186.1404214,-283.094699,79021.49806,174636.4506,-964199.7096,111305.3438,62288.44408,-4199.110293,1925.270921,6.930801026,11.13254442,0.7710972967,185.3824142,3637242.13,0.8031783161,95.50249045,6740599.4,0.02402729,97.461979
283.801,467119.1665,156710.2956,-91807.97266,3490.018423,179.3612821,-283.1402298,78704.55306,175070.788,-960715.7335,111488.0956,62005.32734,-4187.034077,1918.491782,6.885270206,11.03306762,0.8078637767,184.3878976,3640230.924,0.8017609259,95.5139901,6740599.4,0.02402729,97.461979
284.801,470615.2442,156886.2629,-92091.13928,3502.145492,172.5715721,-283.1944574,78387.60806,175501.0774,-957219.6558,111664.0629,61722.16072,-4174.907008,1911.702072,6.831042563,10.93345049,0.8445132431,183.3933897,3643246.787,0.800332017,95.52535073,6740599.4,0.02402729,97.461979
285.801,474123.4746,157055.4351,-92374.36449,3514.323811,165.7711453,-283.2574283,78070.66306,175927.3319,-953711.4254,111833.2351,61438.93551,-4162.728689,1904.901645,6.76807172,10.83369276,0.8810439741,182.3988906,3646290.08,0.7988914722,95.53657305,6740599.4,0.02402729,97.461979
286.801,477643.9091,157217.8016,-92657.65706,3526.553782,158.9598541,-283.3291889,77753.71806,176349.5643,-950190.9909,111995.6016,61155.64294,-4150.498718,1898.090354,6.696311147,10.73379413,0.917454218,181.4044005,3649361.17,0.7974391725,95.54765773,6740599.4,0.02402729,97.461979
287.801,481176.5995,157373.3512,-92941.02581,3538.835812,152.1375494,-283.4097858,77436.77306,176767.7877,-946658.3005,112151.1512,60872.27419,-4138.216688,1891.268049,6.615714164,10.6337543,0.9537421925,180.4099195,3652460.433,0.7959749975,95.55860547,6740599.4,0.02402729,97.461979
288.801,484721.5982,157522.0729,-93224.4796,3551.170311,145.3040799,-283.4992661,77119.82806,177182.0153,-943113.3018,112299.8729,60588.8204,-4125.882189,1884.43458,6.526233851,10.53467466,0.9895093596,179.426376,3655588.249,0.7944988249,95.56941696,6740599.4,0.02402729,97.461979
289.801,488278.9577,157663.9556,-93508.02732,3563.557698,138.4592933,-283.5976767,76802.88306,177592.2601,-939555.9423,112441.7556,60305.27268,-4113.494802,1877.589793,6.427823334,10.43435311,1.025548717,178.4319137,3658745.007,0.7930105309,95.58009289,6740599.4,0.02402729,97.461979
290.801,491848.7313,157798.9877,-93791.67794,3575.998394,131.6030353,-283.7050645,76485.93806,177998.5356,-935986.1687,112576.7877,60021.62206,-4101.054106,1870.733535,6.320435508,10.33388948,1.061460288,177.4374611,3661931.1,0.7915099898,95.59063396,6740599.4,0.02402729,97.461979
291.801,495430.9724,157927.1578,-94075.44046,3588.492827,124.7351499,-283.8214769,76168.99306,178400.855,-932403.9276,112704.9578,59737.85954,-4088.559673,1863.86565,6.20402314,10.23328345,1.097242163,176.4430183,3665146.931,0.7899970744,95.60104086,6740599.4,0.02402729,97.461979
292.801,499025.735,158048.4541,-94359.32392,3601.041428,117.8554793,-283.9469611,75852.04806,178799.2318,-928809.165,112826.2541,59453.97608,-4076.011072,1856.985979,6.078538868,10.13253469,1.132892394,175.4485855,3668392.907,0.7884716554,95.61131429,6740599.4,0.02402729,97.461979
293.801,502633.0735,158162.8647,-94643.33742,3613.644637,110.9638637,-284.0815648,75535.10306,179193.6794,-925201.8265,112940.6647,59169.96258,-4063.407863,1850.094364,5.943935214,10.03164291,1.168409003,174.4541629,3671669.446,0.786933602,95.62145493,6740599.4,0.02402729,97.461979
294.801,506253.0427,158270.3778,-94927.4901,3626.302897,104.0601419,-284.2253354,75218.15806,179584.2115,-921581.8573,113048.1778,58885.8099,-4050.749603,1843.190642,5.800164584,9.930607773,1.203789972,173.4597507,3674976.971,0.7853827812,95.6314635,6740599.4,0.02402729,97.461979
295.801,509885.6978,158370.9809,-95211.79116,3639.016657,97.14415036,-284.3783207,74901.21306,179970.8416,-917949.2022,113148.7809,58601.50884,-4038.035843,1836.27465,5.647179277,9.829428953,1.239033248,172.4653491,3678315.914,0.7838190585,95.64134068,6740599.4,0.02402729,97.461979
296.801,513531.0946,158464.6619,-95496.24983,3651.786373,90.21572396,-284.5405685,74584.26806,180353.5837,-914303.8054,113242.4619,58317.05017,-4025.266127,1829.346224,5.484931493,9.72810612,1.274136741,171.4709583,3681686.713,0.7822422972,95.65108718,6740599.4,0.02402729,97.461979
297.801,517189.2893,158551.4082,-95780.8754,3664.612504,83.2746955,-284.7121267,74267.32306,180732.4514,-910645.6107,113329.2082,58032.4246,-4012.439996,1822.405195,5.313373338,9.626638939,1.309098321,170.4765784,3685089.816,0.7806523587,95.6607037,6740599.4,0.02402729,97.461979
298.801,520860.3386,158631.2071,-96065.67721,3677.495519,76.32089583,-284.8930432,73950.37806,181107.4587,-906974.5614,113409.0071,57747.62279,-3999.556981,1815.451396,5.13245683,9.525027068,1.34391582,169.4822098,3688525.679,0.7790491026,95.67019095,6740599.4,0.02402729,97.461979
299.801,524544.2995,158704.0457,-96350.66462,3690.435889,69.35415354,-285.0833662,73633.43306,181478.6196,-903290.6005,113481.8457,57462.63538,-3986.616611,1808.484654,4.94213382,9.424389159,1.378206829,168.4987794,3691994.765,0.7774323861,95.67954963,6740599.4,0.02402729,97.461979
300.801,528241.2297,158769.911,-96635.84709,3703.434095,62.37429569,-285.2831437,73316.48806,181845.9481,-899593.6703,113547.711,57177.45291,-3973.618405,1801.504796,4.742356272,9.322488467,1.412731142,167.5044336,3695497.547,0.7758020647,95.68878045,6740599.4,0.02402729,97.461979
301.801,531951.1871,158828.7898,-96921.23408,3716.49062,55.38114702,-285.492424,72999.54306,182209.4585,-895883.7129,113606.5898,56892.06592,-3960.56188,1794.511647,4.533075997,9.220442036,1.447104646,166.5100995,3699034.507,0.7741579916,95.69788412,6740599.4,0.02402729,97.461979
302.801,535674.2305,158880.6688,-97206.83512,3729.605957,48.37453012,-285.7112552,72682.59806,182569.165,-892160.6695,113658.4688,56606.46488,-3947.446543,1787.50503,4.314244753,9.118249507,1.481325006,165.5157776,3702606.135,0.7725000179,95.70686136,6740599.4,0.02402729,97.461979
303.801,539410.4188,158925.5343,-97492.65979,3742.780604,41.35426544,-285.9396857,72365.65306,182925.0819,-888424.4812,113703.3343,56320.64021,-3934.271896,1780.484765,4.085814258,9.015910511,1.515389842,164.5214678,3706212.931,0.7708279925,95.71571287,6740599.4,0.02402729,97.461979
304.801,543159.8116,158963.3727,-97778.71771,3756.015066,34.32017121,-286.1777638,72048.70806,183277.2237,-884675.0884,113741.1727,56034.58229,-3921.037434,1773.450671,3.847736196,8.913424677,1.549296728,163.5271705,3709855.404,0.7691417621,95.72443939,6740599.4,0.02402729,97.461979
305.801,546922.4691,158994.17,-98065.01855,3769.309853,27.27206346,-286.4255378,71731.76306,183625.6049,-880912.4309,113771.97,55748.28145,-3907.742647,1766.402563,3.599962229,8.810791627,1.583043191,162.532886,3713534.074,0.7674411712,95.73304162,6740599.4,0.02402729,97.461979
306.801,550698.4516,159017.9121,-98351.57203,3782.665484,20.20975589,-286.683056,71414.81806,183970.2401,-877136.4484,113795.7121,55461.72797,-3894.387016,1759.340256,3.342444008,8.708010976,1.616626711,161.5386143,3717249.468,0.7657260617,95.7415203,6740599.4,0.02402729,97.461979
307.801,554487.8205,159034.5847,-98638.38793,3796.082485,13.13305991,-286.9503668,71097.87306,184311.1441,-873347.0795,113812.3847,55174.91207,-3880.970015,1752.26356,3.075133188,8.605082334,1.650044718,160.5443559,3721002.126,0.7639962736,95.74987615,6740599.4,0.02402729,97.461979
308.801,558290.6372,159044.1734,-98925.47605,3809.561387,6.041784551,-287.2275186,70780.92806,184648.3316,-869544.2628,113821.9734,54887.82395,-3867.491113,1745.172285,2.797981432,8.502005305,1.683294593,159.5501109,3724792.597,0.7622516441,95.7581099,6740599.4,0.02402729,97.461979
309.801,562106.9641,159046.6634,-99212.84626,3823.102731,-1.064263573,-287.5145596,70463.98306,184981.8176,-865727.9359,113824.4634,54600.45374,-3853.949769,1738.066236,2.510940434,8.398779486,1.716373662,158.5558795,3728621.443,0.7604920082,95.76622229,6740599.4,0.02402729,97.461979
310.801,565936.8637,159042.0398,-99500.50848,3836.707062,-8.185280589,-287.8115382,70147.03806,185311.617,-861898.0363,113819.8398,54312.79152,-3840.345438,1730.945219,2.213961832,8.296541269,1.748918554,157.5725875,3732489.234,0.7587171981,95.77421406,6740599.4,0.02402729,97.461979
311.801,569780.3994,159030.2877,-99788.47266,3850.374936,-15.32146456,-288.1185025,69830.09306,185637.7451,-858054.5006,113808.0877,54024.82734,-3826.677564,1723.809035,1.906997502,8.19301828,1.781649737,156.5783841,3736396.552,0.7569270439,95.78208594,6740599.4,0.02402729,97.461979
312.801,573637.6349,159011.3918,-100076.7488,3864.106913,-22.47301639,-288.4355007,69513.14806,185960.2169,-854197.2651,113789.1918,53736.55117,-3812.945587,1716.657484,1.589999298,8.089345257,1.814201806,155.5841952,3740343.992,0.7551213727,95.7898387,6740599.4,0.02402729,97.461979
313.801,577508.6348,158985.3365,-100365.347,3877.903565,-29.64013958,-288.7625808,69196.20306,186279.0478,-850326.2652,113763.1365,53447.95297,-3799.148935,1709.49036,1.262919153,7.985521769,1.846571869,154.5900209,3744332.158,0.7533000091,95.79747306,6740599.4,0.02402729,97.461979
314.801,581393.4638,158952.1063,-100654.2774,3891.765467,-36.8230403,-289.0997909,68879.25806,186594.2532,-846441.4362,113729.9063,53159.02263,-3785.287033,1702.30746,0.9257091053,7.881547377,1.878756976,153.5958617,3748361.67,0.7514627751,95.80498981,6740599.4,0.02402729,97.461979
315.801,585292.1876,158911.6851,-100943.55,3905.693207,-44.0219274,-289.4471787,68562.31306,186905.8486,-842542.7124,113689.4851,52869.75,-3771.359293,1695.108573,0.5783213056,7.777421637,1.910754115,152.6017177,3752433.158,0.7496094898,95.81238968,6740599.4,0.02402729,97.461979
316.801,589204.8724,158864.057,-101233.1751,3919.687378,-51.23701251,-289.804792,68245.36806,187213.8496,-838630.0276,113641.857,52580.12487,-3757.365122,1687.893487,0.2207080407,7.673144095,1.942560213,151.6075892,3756547.263,0.7477399695,95.81967346,6740599.4,0.02402729,97.461979
317.801,593131.5847,158809.2056,-101523.163,3933.748582,-58.46851007,-290.1726783,67928.42306,187518.272,-834703.3153,113587.0056,52290.13699,-3743.303918,1680.66199,-0.1471782501,7.568714288,1.974172132,150.6134766,3760704.643,0.7458540278,95.8268419,6740599.4,0.02402729,97.461979
318.801,597072.3921,158747.1144,-101813.5239,3947.877429,-65.71663739,-290.550885,67611.47806,187819.1317,-830762.5079,113524.9144,51999.77607,-3729.175071,1673.413863,-0.5253849549,7.464131749,2.005586669,149.6193801,3764905.967,0.7439514752,95.83389579,6740599.4,0.02402729,97.461979
319.801,601027.3624,158677.7667,-102104.2682,3962.07454,-72.98161468,-290.9394593,67294.53306,188116.4445,-826807.5376,113455.5667,51709.03177,-3714.97796,1666.148885,-0.9139592691,7.359395997,2.036800554,148.6253,3769151.918,0.7420321191,95.84083591,6740599.4,0.02402729,97.461979
320.801,604996.5641,158601.1455,-102395.4063,3976.340542,-80.26366518,-291.3384482,66977.58806,188410.2265,-822838.3359,113378.9455,51417.89368,-3700.711958,1658.866835,-1.312948174,7.254506545,2.067810448,147.6312367,3773443.194,0.7400957643,95.84766305,6740599.4,0.02402729,97.461979
321.801,608980.0666,158517.2336,-102686.9486,3990.676073,-87.56301545,-291.7478985,66660.64306,188700.4939,-818854.8334,113295.0336,51126.35138,-3686.376427,1651.567485,-1.722398504,7.150618063,2.09827559,146.6481139,3777780.506,0.738142212,95.854378,6740599.4,0.02402729,97.461979
322.801,612977.9397,158426.0136,-102978.9056,4005.081779,-94.87989454,-292.1678567,66343.69806,188987.263,-814856.9603,113203.8136,50834.39438,-3671.970721,1644.250605,-2.142356653,7.045421416,2.128869532,145.6540847,3782164.58,0.7361712605,95.86098156,6740599.4,0.02402729,97.461979
323.801,616990.2538,158327.4679,-103271.2878,4019.558315,-102.214535,-292.5983688,66026.75306,189270.5501,-810844.6462,113105.2679,50542.01215,-3657.494185,1636.915965,-2.572868821,6.940069557,2.159249069,144.6600732,3786596.16,0.7341827048,95.86747455,6740599.4,0.02402729,97.461979
324.801,621017.0801,158221.5786,-103564.1059,4034.106349,-109.5671726,-293.0394809,65709.80806,189550.3719,-806817.8199,112999.3786,50249.19411,-3642.946151,1629.563327,-3.013980899,6.834561959,2.189410566,143.6660797,3791076.001,0.7321763367,95.87385777,6740599.4,0.02402729,97.461979
325.801,625058.4905,158108.3275,-103857.3704,4048.726553,-116.9380464,-293.4912384,65392.86306,189826.745,-802776.4095,112886.1275,49955.92964,-3628.325947,1622.192454,-3.465738438,6.728898087,2.219350306,142.6721045,3795604.879,0.7301519443,95.88013205,6740599.4,0.02402729,97.461979
326.801,629114.5575,157987.6963,-104151.0919,4063.419614,-124.3273988,-293.9536866,65075.91806,190099.686,-798720.3425,112765.4963,49662.20807,-3613.632886,1614.803101,-3.928186626,6.623077394,2.249064494,141.678148,3800183.582,0.7281093127,95.88629822,6740599.4,0.02402729,97.461979
327.801,633185.3543,157859.6665,-104445.2813,4078.186227,-131.7354758,-294.4268703,64758.97306,190369.212,-794649.5457,112637.4665,49368.01869,-3598.866273,1607.395024,-4.401370255,6.517099321,2.278549247,140.6842104,3804812.918,0.7260482231,95.89235712,6740599.4,0.02402729,97.461979
328.801,637270.9547,157724.219,-104739.9493,4093.027097,-139.1625266,-294.9108337,64442.02806,190635.3399,-790563.9453,112502.019,49073.35074,-3584.025403,1599.967973,-4.885333693,6.410963299,2.307800599,139.6902923,3809493.712,0.7239684534,95.89830959,6740599.4,0.02402729,97.461979
329.801,641371.4335,157581.335,-105035.1066,4107.94294,-146.6088043,-295.4056208,64125.08306,190898.0868,-786463.4665,112359.135,48778.19341,-3569.10956,1592.521696,-5.380120848,6.304668748,2.336814492,138.6963938,3814226.806,0.7218697775,95.9041565,6740599.4,0.02402729,97.461979
330.801,645486.8658,157430.9949,-105330.7641,4122.934483,-154.0745655,-295.9112751,63808.13806,191157.4701,-782348.0342,112208.7949,48482.53587,-3554.118017,1585.055934,-5.885775137,6.198215072,2.365586777,137.7025155,3819013.06,0.719751966,95.90989871,6740599.4,0.02402729,97.461979
331.801,649617.3279,157273.1793,-105626.9328,4138.002464,-161.5600706,-296.4278394,63491.19306,191413.507,-778217.5721,112050.9793,48186.36723,-3539.050036,1577.570429,-6.40233945,6.091601666,2.394113211,136.7086575,3823853.355,0.7176147852,95.91553708,6740599.4,0.02402729,97.461979
332.801,653762.8965,157107.8681,-105923.6235,4153.147631,-169.065584,-296.9553562,63174.24806,191666.2152,-774072.0035,111885.6681,47889.67654,-3523.904869,1570.064916,-6.929856199,5.986002122,2.422080099,135.7257416,3828748.589,0.7154579978,95.92107251,6740599.4,0.02402729,97.461979
333.801,657923.6492,156935.0414,-106220.8472,4168.370746,-176.5913736,-297.493867,62857.30306,191915.6123,-769911.2508,111712.8414,47592.45285,-3508.681754,1562.539126,-7.468367019,5.879069155,2.450104527,134.7319255,3833699.681,0.7132813624,95.92650589,6740599.4,0.02402729,97.461979
334.801,662099.6642,156754.6785,-106518.6149,4183.67258,-184.1377113,-298.043413,62540.35806,192161.7161,-765735.2358,111532.4785,47294.68513,-3493.37992,1554.992789,-8.017912987,5.771974565,2.477869826,133.738131,3838707.572,0.7110846335,95.93183812,6740599.4,0.02402729,97.461979
335.801,666291.0208,156566.759,-106816.9377,4199.053916,-191.7048733,-298.6040345,62223.41306,192404.5445,-761543.8792,111344.559,46996.36233,-3477.998584,1547.425627,-8.578534494,5.664717691,2.505371344,132.7443585,3843773.221,0.7088675614,95.93707013,6740599.4,0.02402729,97.461979
336.801,670497.7988,156371.2618,-107115.8266,4214.515552,-199.2931399,-299.1757712,61906.46806,192644.1156,-757337.1012,111149.0618,46697.47336,-3462.536948,1539.83736,-9.1502712,5.557297855,2.532604321,131.7506084,3848897.612,0.7066298923,95.94220283,6740599.4,0.02402729,97.461979
337.801,674720.079,156168.1656,-107415.2929,4230.058295,-206.9027956,-299.758662,61589.52306,192880.4475,-753114.821,110945.9656,46398.00707,-3446.994205,1532.227704,-9.733161987,5.449714365,2.559563882,130.7568811,3854081.749,0.7043713679,95.94723717,6740599.4,0.02402729,97.461979
338.801,678957.9427,155957.4489,-107715.3477,4245.682966,-214.5341294,-300.3527449,61272.57806,193113.5587,-748876.9573,110735.2489,46097.9523,-3431.369534,1524.596371,-10.32724491,5.341966511,2.586245035,129.7631771,3859326.659,0.7020917254,95.95217411,6740599.4,0.02402729,97.461979
339.801,683211.4725,155739.09,-108016.0022,4261.3904,-222.1874344,-300.9580571,60955.63306,193343.4676,-744623.4275,110516.89,45797.29784,-3415.6621,1516.943066,-10.93255714,5.23405357,2.612642668,128.7694968,3864633.395,0.6997906975,95.95701459,6740599.4,0.02402729,97.461979
340.801,687480.7514,155513.0666,-108317.2676,4277.181444,-229.8630086,-301.5746349,60638.68806,193570.1929,-740354.1486,110290.8666,45496.03243,-3399.871056,1509.267491,-11.54913493,5.125974796,2.638751545,127.7758405,3870003.032,0.6974680122,95.96175962,6740599.4,0.02402729,97.461979
341.801,691765.8635,155279.3565,-108619.1552,4293.056958,-237.5611545,-302.2025135,60321.74306,193793.7533,-736069.0365,110057.1565,45194.1448,-3383.995542,1501.569345,-12.17701353,5.017729429,2.664566298,126.7822088,3875436.671,0.6951233929,95.96641017,6740599.4,0.02402729,97.461979
342.801,696066.8938,155037.9367,-108921.6764,4309.017817,-245.2821793,-302.8417272,60004.79806,194014.1678,-731768.0062,109815.7367,44891.62363,-3368.034683,1493.848321,-12.81622715,4.909316688,2.69008143,125.7886022,3880935.439,0.692756558,95.97096725,6740599.4,0.02402729,97.461979
343.801,700383.9279,154788.7844,-109224.8424,4325.064909,-253.0263954,-303.492309,59687.85306,194231.4554,-727450.9721,109566.5844,44588.45756,-3351.987591,1486.104105,-13.46680897,4.801929888,2.715015952,124.8059393,3886500.489,0.6903672207,95.97543189,6740599.4,0.02402729,97.461979
344.801,704717.0526,154531.8761,-109528.6648,4341.199137,-260.7941196,-304.1542908,59370.90806,194445.6355,-723117.8474,109309.6761,44284.63521,-3335.853363,1478.33638,-14.12879083,4.693181842,2.739918242,123.8123838,3892133.002,0.6879550896,95.97980512,6740599.4,0.02402729,97.461979
345.801,709066.3555,154267.1882,-109833.1548,4357.421418,-268.585674,-304.8277034,59053.96306,194656.7273,-718768.5445,109044.9882,43980.14517,-3319.631082,1470.544826,-14.80220341,4.58426397,2.764503637,122.8188548,3897834.186,0.6855198675,95.98408799,6740599.4,0.02402729,97.461979
346.801,713431.9251,153994.6967,-110138.324,4373.732686,-276.4013858,-305.5125761,58737.01806,194864.7506,-714402.9749,108772.4967,43674.97598,-3303.319814,1462.729114,-15.48707609,4.475175409,2.788766065,121.8253526,3903605.28,0.6830612524,95.98828159,6740599.4,0.02402729,97.461979
347.801,717813.8509,153714.3773,-110444.1838,4390.133887,-284.2415879,-306.2089368,58420.07306,195069.7249,-710021.0491,108492.1773,43369.11618,-3286.918613,1454.888912,-16.18343683,4.365915272,2.812699296,120.8318779,3909447.551,0.6805789364,95.99238699,6740599.4,0.02402729,97.461979
348.801,722212.2232,153426.2052,-110750.7457,4406.625985,-292.1066181,-306.9168122,58103.12806,195271.6701,-705622.6768,108204.0052,43062.55427,-3270.426515,1447.023882,-16.89131216,4.25648265,2.836296935,119.8384311,3915362.299,0.6780726063,95.9964053,6740599.4,0.02402729,97.461979
349.801,726627.1335,153130.1556,-111058.0213,4423.209959,-299.9968203,-307.636227,57786.18306,195470.6063,-701207.7665,107907.9556,42755.27871,-3253.842541,1439.13368,-17.61072704,4.146876608,2.859552425,118.8450128,3921350.854,0.675541943,96.00033764,6740599.4,0.02402729,97.461979
350.801,731058.6741,152826.2031,-111366.022,4439.886806,-307.9125437,-308.3672048,57469.23806,195666.5537,-696776.2259,107604.0031,42447.27796,-3237.165694,1431.217956,-18.3417048,4.037096185,2.88245903,117.8516234,3927414.579,0.6729866216,96.00418517,6740599.4,0.02402729,97.461979
351.801,735506.9384,152514.3219,-111674.7596,4456.657538,-315.8541436,-309.1097671,57152.29306,195859.5327,-692327.9616,107292.1219,42138.54044,-3220.394962,1423.276356,-19.08426705,3.927140392,2.90500984,116.8582636,3933554.872,0.6704063112,96.00794904,6740599.4,0.02402729,97.461979
352.801,739972.0208,152194.4861,-111984.2454,4473.523184,-323.8219811,-309.8639336,56835.34806,196049.5638,-687862.8792,106972.2861,41829.05456,-3203.529316,1415.308519,-19.83843358,3.817008215,2.927197757,115.8649339,3939773.166,0.6678006748,96.01163045,6740599.4,0.02402729,97.461979
353.801,744454.0167,151866.6691,-112294.4913,4490.484791,-331.8164235,-310.6297222,56518.40306,196236.6677,-683380.8833,106644.4691,41518.8087,-3186.567709,1407.314077,-20.60422224,3.706698608,2.949015488,114.8716348,3946070.927,0.665169369,96.0152306,6740599.4,0.02402729,97.461979
354.801,748953.0227,151530.8442,-112605.5088,4507.543425,-339.8378448,-311.407149,56201.45806,196420.8653,-678881.8773,106308.6442,41207.79124,-3169.509075,1399.292655,-21.38164895,3.597425625,2.970222021,113.8892818,3952449.663,0.662512044,96.01875071,6740599.4,0.02402729,97.461979
355.801,753469.1363,151186.9843,-112917.3095,4524.700168,-347.8866246,-312.1962274,55884.51306,196602.1777,-674365.7637,105964.7843,40895.99052,-3152.352332,1391.243875,-22.17072736,3.486759879,2.991280986,112.8960454,3958910.916,0.6598283434,96.02219205,6740599.4,0.02402729,97.461979
356.801,758002.4561,150835.0617,-113229.9051,4541.956122,-355.9631496,-312.9969689,55567.56806,196780.6262,-669832.4439,105612.8617,40583.39489,-3135.096378,1383.16735,-22.97146891,3.375913392,3.011946759,111.9028414,3965456.271,0.6571179041,96.0255559,6740599.4,0.02402729,97.461979
357.801,762553.082,150475.0486,-113543.3073,4559.312409,-364.0678129,-313.8093827,55250.62306,196956.2321,-665281.818,105252.8486,40269.99269,-3117.740091,1375.062687,-23.78388271,3.264884988,3.032211211,110.9096704,3972087.351,0.654380356,96.02884356,6740599.4,0.02402729,97.461979
358.801,767121.1148,150106.9166,-113857.5278,4576.770168,-372.201015,-314.6334753,54933.67806,197129.0172,-660713.7852,104884.7166,39955.77224,-3100.282332,1366.929485,-24.60797534,3.153673457,3.052065982,109.916533,3978805.824,0.6516153218,96.03205636,6740599.4,0.02402729,97.461979
359.801,771706.6565,149730.6369,-114172.5782,4594.330562,-380.3631632,-315.4692508,54616.73306,197299.0032,-656128.2435,104508.4369,39640.72185,-3082.721938,1358.767337,-25.44375076,3.042277547,3.071502475,108.9234299,3985613.399,0.648822417,96.03519565,6740599.4,0.02402729,97.461979
360.801,776309.8105,149346.1805,-114488.4702,4611.99477,-388.5546721,-316.3167102,54299.78806,197466.212,-651525.0895,104123.9805,39324.82984,-3065.05773,1350.575828,-26.29121018,2.930695972,3.090511843,107.9303617,3992511.833,0.6460012498,96.03826284,6740599.4,0.02402729,97.461979
361.801,780930.6811,148953.5176,-114805.2155,4629.763996,-396.7759638,-317.1758519,53982.84306,197630.666,-646904.2189,103731.3176,39008.08453,-3047.288504,1342.354536,-27.15035188,2.818927399,3.109084984,106.9373291,3999502.928,0.6431514205,96.04125933,6740599.4,0.02402729,97.461979
362.801,785569.3739,148552.6185,-115122.8258,4647.639462,-405.027468,-318.046671,53665.89806,197792.3875,-642265.5261,103330.4185,38690.47424,-3029.413038,1334.103032,-28.02117105,2.706970454,3.127212528,105.9443327,4006588.533,0.6402725217,96.04418657,6740599.4,0.02402729,97.461979
363.801,790225.9958,148143.4525,-115441.3127,4665.622415,-413.3096224,-318.9291597,53348.95306,197951.399,-637608.9042,102921.2525,38371.9873,-3011.430085,1325.820878,-28.90365967,2.594823719,3.144884826,104.9513733,4013770.55,0.6373641378,96.04704604,6740599.4,0.02402729,97.461979
364.801,794900.655,147725.9889,-115760.688,4683.714122,-421.6228726,-319.8233063,53032.00806,198107.7234,-632934.245,102503.7889,38052.61204,-2993.338378,1317.507627,-29.7978063,2.482485727,3.162091944,103.9584515,4021050.929,0.634425845,96.04983927,6740599.4,0.02402729,97.461979
365.801,799593.4607,147300.1962,-116080.9632,4701.915876,-429.967673,-320.729096,52715.06306,198261.3837,-628241.4393,102077.9962,37732.33681,-2975.136624,1309.162827,-30.70359599,2.371192614,3.1786424,102.9764786,4028431.676,0.6314572113,96.05256779,6740599.4,0.02402729,97.461979
366.801,804304.5238,146866.0428,-116402.15,4720.22899,-438.3444856,-321.6465099,52398.11806,198412.4029,-623530.3762,101643.8428,37411.14997,-2956.82351,1300.786014,-31.62100988,2.258469647,3.194893534,101.9836338,4035914.852,0.6284577955,96.05523319,6740599.4,0.02402729,97.461979
367.801,809033.9563,146423.4964,-116724.2601,4738.654805,-446.7537816,-322.5755252,52081.17306,198560.8046,-618800.9437,101201.2964,37089.03992,-2938.397695,1292.376718,-32.55002519,2.145550731,3.210647952,100.9908289,4043502.573,0.625427148,96.0578371,6740599.4,0.02402729,97.461979
368.801,813781.8715,145972.5243,-117047.3049,4757.194683,-455.196041,-323.516115,51764.22806,198706.6124,-614053.0285,100750.3243,36765.99506,-2919.857817,1283.934459,-33.49061497,2.032434184,3.225894447,99.99806453,4051197.017,0.6223648097,96.06038117,6740599.4,0.02402729,97.461979
369.801,818548.3841,145513.0932,-117371.2962,4775.850015,-463.6717532,-324.4682479,51447.28306,198849.8501,-609286.5159,100290.8932,36442.00384,-2901.202485,1275.458747,-34.44274785,1.919118265,3.240621461,99.00534155,4059000.42,0.6192703122,96.06286712,6740599.4,0.02402729,97.461979
370.801,823333.6105,145045.1695,-117696.2453,4794.622216,-472.1814169,-325.4318878,51130.33806,198990.5416,-604501.2895,99822.96946,36117.05473,-2882.430284,1266.949083,-35.40638784,1.80560117,3.254817069,98.01266076,4066915.085,0.6161431776,96.06529669,6740599.4,0.02402729,97.461979
371.801,828137.668,144568.7189,-118022.1638,4813.512728,-480.7255406,-326.4069941,50813.39306,199128.7114,-599697.232,99346.51888,35791.13624,-2863.539772,1258.404959,-36.38149405,1.691881028,3.268468965,97.02002295,4074943.378,0.612982918,96.06767166,6740599.4,0.02402729,97.461979
372.801,832960.6758,144083.7067,-118349.0631,4832.523021,-489.3046428,-327.3935205,50496.44806,199264.3838,-594874.2242,98861.50672,35464.23694,-2844.529479,1249.825857,-37.36802045,1.577955897,3.281564446,96.02742897,4083087.734,0.6097890352,96.06999387,6740599.4,0.02402729,97.461979
373.801,837802.7545,143590.0978,-118676.9546,4851.654592,-497.9192521,-328.3914156,50179.50306,199397.5837,-590032.1455,98367.89776,35136.34541,-2825.397908,1241.211248,-38.36591561,1.463823764,3.294090391,95.03487967,4091350.66,0.6065610207,96.07226521,6740599.4,0.02402729,97.461979
374.801,842664.026,143087.8562,-119005.8497,4870.908968,-506.5699079,-329.4006224,49862.55806,199528.3358,-585170.874,97865.6562,34807.45033,-2806.143532,1232.560592,-39.37512236,1.349482536,3.306033249,94.04237592,4099734.732,0.6032983554,96.07448762,6740599.4,0.02402729,97.461979
375.801,847544.6139,142576.9457,-119335.7596,4890.287705,-515.2571602,-330.4210776,49545.61306,199656.6655,-580290.2861,97354.74574,34477.54042,-2786.764795,1223.87334,-40.39557756,1.234930041,3.317379014,93.04991861,4108242.607,0.6000005089,96.07666307,6740599.4,0.02402729,97.461979
376.801,852444.6434,142057.3295,-119666.6955,4909.79239,-523.9815709,-331.4527118,49228.66806,199782.5981,-575390.2566,96835.1295,34146.60445,-2767.26011,1215.148929,-41.42721177,1.121426351,3.327998629,92.068414,4116877.018,0.5966669396,96.07879362,6740599.4,0.02402729,97.461979
377.801,857364.2412,141528.97,-119998.6687,4929.424639,-532.7437123,-332.4954488,48911.72306,199906.1593,-570470.6588,96306.77002,33814.63129,-2747.627861,1206.386788,-42.4699488,1.006446837,3.338113254,91.07605179,4125640.78,0.5932970945,96.08088135,6740599.4,0.02402729,97.461979
378.801,862303.5357,140991.8293,-120331.6901,4949.186102,-541.544169,-333.5492055,48594.77806,200027.3749,-565531.3643,95769.6293,33481.60988,-2727.866398,1197.586331,-43.52370548,0.891249029,3.347586027,90.08373881,4134536.793,0.5898904082,96.08292843,6740599.4,0.02402729,97.461979
379.801,867262.657,140445.8687,-120665.7708,4969.078461,-550.3835378,-334.6138912,48277.83306,200146.271,-560572.243,95223.66872,33147.52924,-2707.974039,1188.746962,-44.58839124,0.7758303827,3.356400928,89.09147604,4143568.045,0.5864463033,96.08493707,6740599.4,0.02402729,97.461979
380.801,872241.7368,139891.0491,-121000.9215,4989.103432,-559.262428,-335.6894077,47960.88806,200262.8741,-555593.1632,94668.84905,32812.37849,-2687.949068,1179.868072,-45.66390773,0.6601882483,3.364541375,88.09926446,4152737.615,0.5829641898,96.08690955,6740599.4,0.02402729,97.461979
381.801,877240.9087,139327.3305,-121337.1532,5009.262764,-568.1814621,-336.7756483,47643.94306,200377.2108,-550593.9913,94105.13048,32476.14685,-2667.789736,1170.949038,-46.75014835,0.5443198637,3.371990193,87.1071051,4162048.678,0.5794434644,96.08884824,6740599.4,0.02402729,97.461979
382.801,882260.3077,138754.6725,-121674.4763,5029.558244,-577.1412754,-337.8724979,47326.99806,200489.308,-545574.5923,93532.47254,32138.82366,-2647.494256,1161.989225,-47.84699787,0.4282223489,3.37872959,86.11499901,4171504.508,0.5758835108,96.09075554,6740599.4,0.02402729,97.461979
383.801,887300.0711,138173.0341,-122012.9016,5049.991694,-586.1425175,-338.9798319,47010.05306,200599.1927,-540534.8289,92950.83412,31800.39836,-2627.060806,1152.987983,-48.95433189,0.3118926987,3.384741125,85.12294725,4181108.479,0.5722836987,96.09263396,6740599.4,0.02402729,97.461979
384.801,892360.3377,137582.3735,-122352.4395,5070.564971,-595.1858517,-340.0975164,46693.10806,200706.8924,-535474.5623,92360.17347,31460.86054,-2606.487529,1143.944648,-50.07201642,0.1953277759,3.390005678,84.13095093,4190864.076,0.5686433836,96.09448606,6740599.4,0.02402729,97.461979
385.801,897441.2483,136982.6482,-122693.1001,5091.279975,-604.2719561,-341.2254073,46376.16306,200812.4348,-530393.6517,91760.44816,31120.19992,-2585.772525,1134.858544,-51.19990725,0.07852430332,3.394503416,83.13901116,4200774.891,0.5649619066,96.0963145,6740599.4,0.02402729,97.461979
386.801,902542.9456,136373.8151,-123034.8936,5112.138643,-613.4015239,-342.3633495,46059.21806,200915.8477,-525291.9544,91151.61507,30778.40638,-2564.913857,1125.728976,-52.3378495,-0.03852114425,3.398213758,82.14712911,4210844.634,0.5612385937,96.09812201,6740599.4,0.02402729,97.461979
387.801,907665.5741,135755.8304,-123377.8301,5133.142951,-622.5752641,-343.511177,45742.27306,201017.1593,-520169.3259,90533.63039,30435.46993,-2543.909549,1116.555236,-53.48567696,-0.1545218891,3.401087925,81.16620477,4221077.133,0.5574727555,96.0999114,6740599.4,0.02402729,97.461979
388.801,912809.2807,135128.6496,-123721.9192,5154.294919,-631.793901,-344.6687114,45425.32806,201116.3982,-515025.6193,89906.44958,30091.38079,-2522.757581,1107.336599,-54.64321143,-0.2720594388,3.403167801,80.17444102,4231476.345,0.5536636867,96.10168561,6740599.4,0.02402729,97.461979
389.801,917974.2139,134492.2274,-124067.1707,5175.59661,-641.0581759,-345.8357622,45108.38306,201213.5929,-509860.6861,89270.02737,29746.12933,-2501.45589,1098.072324,-55.81026216,-0.3898501749,3.404393916,79.1827386,4242046.354,0.5498106656,96.10344763,6740599.4,0.02402729,97.461979
390.801,923160.5245,133846.5178,-124413.5938,5197.050129,-650.368847,-347.012125,44791.43806,201308.7727,-504674.3755,88624.31776,29399.70616,-2480.002371,1088.761653,-56.98662503,-0.5078982078,3.404742306,78.19109876,4252791.381,0.5459129536,96.10520059,6740599.4,0.02402729,97.461979
391.801,928368.3655,133191.474,-124761.1979,5218.657627,-659.7266905,-348.1975819,44474.49306,201401.9666,-499466.5345,87969.27395,29052.10205,-2458.394873,1079.40381,-58.17208188,-0.6262078465,3.404188045,77.19952283,4263715.788,0.5419697948,96.10694768,6740599.4,0.02402729,97.461979
392.801,933597.8918,132527.0484,-125109.992,5240.421303,-669.1325005,-349.3918997,44157.54806,201493.2044,-494237.0082,87304.84839,28703.30804,-2436.631197,1069.997999,-59.36639967,-0.7447836117,3.402705193,76.20801212,4274824.085,0.5379804154,96.10869225,6740599.4,0.02402729,97.461979
393.801,938849.2609,131853.1927,-125459.9846,5262.343403,-678.5870903,-350.5948296,43840.60306,201582.5159,-488985.6391,86630.99269,28353.31538,-2414.709097,1060.54341,-60.56932964,-0.8636302488,3.400266745,75.21656802,4286120.938,0.533944023,96.11043773,6740599.4,0.02402729,97.461979
394.801,944122.6322,131169.8577,-125811.1844,5284.42622,-688.0912926,-351.8061064,43523.65806,201669.9312,-483712.2678,85947.65767,28002.1156,-2392.62628,1051.039207,-61.78060639,-0.9827527428,3.396844567,74.22519193,4297611.17,0.5298598062,96.11218769,6740599.4,0.02402729,97.461979
395.801,949418.1677,130476.9933,-126163.5995,5306.672101,-697.6459602,-353.025447,43206.71306,201755.4807,-478416.7323,85254.79329,27649.70048,-2370.380399,1041.48454,-62.99994696,-1.102156334,3.392409339,73.23388531,4309299.775,0.5257269342,96.11394583,6740599.4,0.02402729,97.461979
396.801,954736.0316,129774.5486,-126517.2379,5329.083444,-707.2519671,-354.2525498,42889.76806,201839.1953,-473098.8684,84552.34864,27296.06212,-2347.969056,1031.878533,-64.22704977,-1.221846534,3.386930485,72.24264963,4321191.919,0.5215445557,96.11571595,6740599.4,0.02402729,97.461979
397.801,960076.3905,129062.4719,-126872.1071,5351.662701,-716.9102087,-355.4870935,42572.82306,201921.1059,-467758.5095,83840.27194,26941.1929,-2325.389799,1022.220291,-65.46159353,-1.341829144,3.380376102,71.25148642,4333292.954,0.5173117986,96.11750204,6740599.4,0.02402729,97.461979
398.801,965439.4138,128340.7105,-127228.2144,5374.412377,-726.6216035,-356.7287361,42255.87806,202001.2438,-462395.4862,83118.5105,26585.08556,-2302.640123,1012.508897,-66.70323608,-1.460786862,3.372803242,70.27128795,4345608.422,0.5130277693,96.1193082,6740599.4,0.02402729,97.461979
399.801,970825.273,127609.2107,-127585.5668,5397.335037,-736.3870922,-357.9771132,41938.93306,202079.6408,-457009.627,82387.0107,26227.73318,-2279.717463,1002.743408,-67.95161318,-1.581369574,3.364009153,69.28027361,4358144.063,0.5086915519,96.1211387,6740599.4,0.02402729,97.461979
400.801,976234.1424,126867.918,-127944.1708,5420.433304,-746.2076402,-359.2318372,41621.98806,202156.3288,-451600.7576,81645.71797,25869.12922,-2256.619196,992.9228598,-69.20633719,-1.702263973,3.354035474,68.28933658,4370905.829,0.5043022076,96.12299798,6740599.4,0.02402729,97.461979
401.801,981666.199,126116.7767,-128304.0325,5443.709859,-756.0842378,-360.4924956,41305.04306,202231.3399,-446168.701,80894.57674,25509.26753,-2233.342641,983.0462622,-70.46699559,-1.82347723,3.342844186,67.29847856,4383899.889,0.4998587739,96.12489064,6740599.4,0.02402729,97.461979
402.801,987121.6224,125355.7305,-128665.1576,5467.167449,-766.0179014,-361.7586495,40988.09806,202304.7069,-440713.2776,80133.53047,25148.1424,-2209.885051,973.1125986,-71.73314954,-1.945016923,3.330395499,66.30770132,4397132.64,0.4953602639,96.12682147,6740599.4,0.02402729,97.461979
403.801,992600.5952,124584.7216,-129027.5514,5490.808882,-776.0096742,-363.0298322,40671.15306,202376.4624,-435234.3048,79362.52157,24785.74856,-2186.243618,963.1208258,-73.00433223,-2.066891064,3.316647744,65.31700665,4410610.721,0.4908056654,96.12879544,6740599.4,0.02402729,97.461979
404.801,998103.3025,123803.6914,-129391.2188,5514.637034,-786.0606277,-364.3055471,40354.20806,202446.6398,-429731.5975,78581.49139,24422.08122,-2162.415466,953.0698723,-74.28004715,-2.189108135,3.30155725,64.32639644,4424341.019,0.4861939399,96.13081773,6740599.4,0.02402729,97.461979
405.801,1003629.932,123012.5802,-129756.1639,5538.654848,-796.1718621,-365.5852663,40037.26306,202515.2725,-424204.9675,77790.38022,24057.13613,-2138.397652,942.9586379,-75.55976626,-2.311677118,3.285078221,63.3358726,4438330.687,0.4815240223,96.13289373,6740599.4,0.02402729,97.461979
406.801,1009180.676,122211.3272,-130122.3905,5562.865337,-806.3445083,-366.868428,39720.31806,202582.3943,-418654.2236,76989.1272,23690.90954,-2114.187163,932.7859917,-76.842928,-2.434607533,3.267162594,62.34543712,4452587.152,0.4767948193,96.13502905,6740599.4,0.02402729,97.461979
407.801,1014755.728,121399.8703,-130489.9017,5587.271589,-816.5797285,-368.1544351,39403.37306,202648.0394,-413079.1716,76177.67035,23323.39832,-2089.780911,922.5507715,-78.12893512,-2.557909485,3.247759892,61.35509204,4467118.131,0.472005209,96.13722956,6740599.4,0.02402729,97.461979
408.801,1020355.286,120578.1465,-130858.7001,5611.876763,-826.8787177,-369.4426525,39086.42806,202712.2422,-407479.6141,75355.94649,22954.59993,-2065.175737,912.2517823,-79.41715248,-2.681593703,3.22681706,60.36483948,4481931.645,0.4671540395,96.13950134,6740599.4,0.02402729,97.461979
409.801,1025979.549,119746.0912,-131228.7875,5636.684098,-837.2427057,-370.7324044,38769.48306,202775.0375,-401855.3507,74523.89124,22584.5125,-2040.368402,901.8877943,-80.70690437,-2.804305918,3.204534852,59.38556195,4497036.032,0.4622401283,96.14185077,6740599.4,0.02402729,97.461979
410.801,1031628.723,118903.639,-131600.1651,5661.696911,-847.6729569,-372.0229723,38452.53806,202836.4603,-396206.1775,73681.43899,22213.13485,-2015.355589,891.4575431,-81.99747229,-2.928785088,3.180359909,58.39549996,4512439.968,0.4572622608,96.1442845,6740599.4,0.02402729,97.461979
411.801,1037303.013,118050.7228,-131972.8335,5686.918602,-858.1707731,-373.3135918,38135.59306,202896.546,-390531.8873,72828.52281,21840.46654,-1990.133898,880.9597269,-83.28809175,-3.053682844,3.154469076,57.40553723,4528152.477,0.4522191897,96.14680946,6740599.4,0.02402729,97.461979
412.801,1043002.631,117187.2745,-132346.7921,5712.352655,-868.7374952,-374.6034493,37818.64806,202955.3305,-384832.2695,71965.07447,21466.50792,-1964.699845,870.3930048,-84.57794931,-3.179012958,3.126797113,56.41567617,4544182.956,0.4471096334,96.14943293,6740599.4,0.02402729,97.461979
413.801,1048727.79,116313.2244,-132722.0398,5738.002643,-879.3745045,-375.8916793,37501.70306,203012.8496,-379107.11,71091.02439,21091.26019,-1939.049857,859.7559955,-85.86617928,-3.304790127,3.09727516,55.42591927,4560541.192,0.4419322749,96.15216249,6740599.4,0.02402729,97.461979
414.801,1054478.709,115428.5016,-133098.5746,5763.872226,-890.0832247,-377.1773602,37184.75806,203069.1398,-373356.191,70206.30156,20714.72541,-1913.180274,849.0472753,-87.15186015,-3.431030052,3.065830471,54.43626911,4577237.378,0.4366857607,96.1550061,6740599.4,0.02402729,97.461979
415.801,1060255.609,114533.0335,-133476.3934,5789.96516,-900.8651236,-378.4595107,36867.81306,203124.2376,-367579.2911,69310.83355,20336.90664,-1887.08734,838.2653764,-88.43401073,-3.55774953,3.032386117,53.44672838,4594282.143,0.4313686994,96.15797208,6740599.4,0.02402729,97.461979
416.801,1066058.715,113626.7464,-133855.4921,5816.285297,-911.7217158,-379.737086,36550.86806,203178.1801,-361776.1849,68404.54642,19957.80792,-1860.767203,827.4087842,-89.711586,-3.684966546,2.996860667,52.45729985,4611686.568,0.4259796605,96.16106917,6740599.4,0.02402729,97.461979
417.801,1071888.257,112709.5647,-134235.8656,5842.836588,-922.654564,-381.0089725,36233.92306,203231.0045,-355946.6434,67487.3647,19577.43436,-1834.215912,816.475936,-90.98347255,-3.812700382,2.959167834,51.46798641,4629462.214,0.4205171727,96.16430652,6740599.4,0.02402729,97.461979
418.801,1077744.467,111781.4113,-134617.5077,5869.623086,-933.6652823,-382.2739837,35916.97806,203282.7483,-350090.4334,66559.21133,19195.79226,-1807.429414,805.4652177,-92.24848373,-3.940971737,2.919216089,50.47879104,4647621.147,0.4149797225,96.16769375,6740599.4,0.02402729,97.461979
419.801,1083627.583,110842.2076,-135000.4109,5896.648951,-944.755538,-383.5308543,35600.03306,203333.4494,-344207.3175,65620.00762,18812.88911,-1780.403549,794.374962,-93.5053543,-4.069802858,2.876908235,49.48971687,4666175.97,0.409365753,96.17124096,6740599.4,0.02402729,97.461979
420.801,1089537.846,109891.8732,-135384.5663,5923.918453,-955.9270555,-384.7782344,35283.08806,203383.1459,-338297.0542,64669.67317,18428.73372,-1753.134047,783.2034445,-94.75273439,-4.197792286,2.832646639,48.51163403,4685139.845,0.4036736618,96.17495876,6740599.4,0.02402729,97.461979
421.801,1095475.502,108930.3258,-135769.9637,5951.435974,-967.1816169,-386.014684,34966.14306,203431.8762,-332359.3979,63708.12583,18043.33628,-1725.616526,771.9488831,-95.98918398,-4.327809789,2.785338759,47.52281069,4704526.534,0.3979017996,96.17885835,6740599.4,0.02402729,97.461979
422.801,1101440.802,107957.4816,-136156.5915,5979.206014,-978.5210671,-387.2386653,34649.19806,203479.679,-326394.0981,62735.28164,17656.7085,-1697.846486,760.6094329,-97.21316527,-4.458464343,2.735345545,46.53411863,4724350.426,0.3920484688,96.18295149,6740599.4,0.02402729,97.461979
423.801,1107434,106973.2548,-136544.4363,6007.233194,-989.9473167,-388.4485355,34332.25306,203526.5931,-320400.9001,61751.05476,17268.86366,-1669.819306,749.1831833,-98.42303548,-4.589786028,2.682541992,45.54556154,4744626.577,0.3861119207,96.18725058,6740599.4,0.02402729,97.461979
424.801,1113455.356,105977.5574,-136933.4833,6035.522258,-1001.462349,-389.6425387,34015.30806,203572.6577,-314379.5444,60755.35741,16879.81672,-1641.530242,737.6681515,-99.61703871,-4.72181358,2.62679469,44.55714313,4765370.75,0.3800903548,96.19176873,6740599.4,0.02402729,97.461979
425.801,1119505.133,104970.2998,-137323.7155,6064.078081,-1013.068213,-390.8187968,33698.36306,203617.9122,-308329.7667,59748.09979,16489.58449,-1612.974419,726.0622869,-100.7932968,-4.854569723,2.567960367,43.56886766,4786599.453,0.3739819161,96.19651977,6740599.4,0.02402729,97.461979
426.801,1125583.602,103951.39,-137715.1143,6092.905671,-1024.76704,-391.9752995,33381.41806,203662.3961,-302251.2977,58729.19,16098.18571,-1584.146829,714.3634596,-101.9497995,-4.988099224,2.505886038,42.5807392,4808329.987,0.3677846931,96.20151831,6740599.4,0.02402729,97.461979
427.801,1131691.037,102920.734,-138107.6588,6122.010174,-1036.561043,-393.1098941,33064.47306,203706.1492,-296143.8631,57698.53399,15705.64119,-1555.042326,702.569457,-103.0843941,-5.122443821,2.440407319,41.59276217,4830580.493,0.3614967159,96.20677984,6740599.4,0.02402729,97.461979
428.801,1137827.717,101878.2354,-138501.326,6151.396878,-1048.45252,-394.220273,32747.52806,203749.2114,-290007.1833,56656.03543,15311.97399,-1525.655622,690.6779797,-104.194773,-5.257649011,2.371347504,40.60494122,4853370.004,0.3551159542,96.21232074,6740599.4,0.02402729,97.461979
429.801,1143993.927,100823.7957,-138896.0905,6181.071217,-1060.443864,-395.3039609,32430.58306,203791.6226,-283840.9734,55601.59566,14917.20954,-1495.981283,678.6866357,-105.2784609,-5.393764495,2.298516325,39.6172812,4876718.5,0.3486403141,96.2181584,6740599.4,0.02402729,97.461979
430.801,1150189.957,99757.31358,-139291.9241,6211.038777,-1072.537566,-396.3583003,32113.63806,203833.4231,-277644.9431,54535.11358,14521.37585,-1466.013723,666.5929344,-106.3328003,-5.53084467,2.221708548,38.62978726,4900646.967,0.342067637,96.22431129,6740599.4,0.02402729,97.461979
431.801,1156416.104,98678.68554,-139688.7963,6241.3053,-1084.73622,-397.380435,31796.69306,203874.6531,-271418.7962,53456.48554,14124.50368,-1435.7472,654.3942795,-107.354935,-5.667425779,2.141616236,37.65331357,4925177.462,0.3353956959,96.23079904,6740599.4,0.02402729,97.461979
432.801,1162672.669,97587.80525,-140086.6733,6271.876691,-1097.042536,-398.3672937,31479.74806,203915.3527,-265162.2309,52365.60525,13726.62674,-1405.175809,642.0879642,-108.3417937,-5.806607926,2.056221744,36.66616638,4950333.18,0.3286221938,96.23764254,6740599.4,0.02402729,97.461979
433.801,1168959.961,96484.56364,-140485.5181,6302.759019,-1109.45934,-399.315569,31162.80306,203955.5622,-258874.9392,51262.36364,13327.78195,-1374.293481,629.6711605,-109.290069,-5.946951508,1.966131244,35.67920243,4976138.533,0.3217447604,96.24486407,6740599.4,0.02402729,97.461979
434.801,1175278.293,95368.84876,-140885.2904,6333.958525,-1121.989588,-400.2216955,30845.85806,203995.3217,-252556.6071,50146.64876,12928.00965,-1343.093975,617.1409118,-110.1961955,-6.08853632,1.871061786,34.69242818,5002619.223,0.3147609499,96.2524874,6740599.4,0.02402729,97.461979
435.801,1181627.986,94240.54562,-141285.9461,6365.481624,-1134.636377,-401.0818259,30528.91306,204034.6712,-246206.9143,49018.34562,12527.35388,-1311.570876,604.4941226,-111.0563259,-6.231450759,1.770705069,33.70585047,5029802.332,0.3076682377,96.26053795,6740599.4,0.02402729,97.461979
436.801,1188009.366,93099.53608,-141687.4373,6397.334915,-1147.402952,-401.8918026,30211.96806,204073.6505,-239825.5338,47877.33608,12125.86271,-1279.717585,591.7275481,-111.8663026,-6.375793038,1.66472437,32.71947664,5057716.415,0.300464018,96.26904292,6740599.4,0.02402729,97.461979
437.801,1194422.768,91945.69866,-142089.7115,6429.52518,-1160.292718,-402.6471273,29895.02306,204112.2992,-233412.1321,46723.49866,11723.58849,-1247.52732,578.8377819,-112.6216273,-6.521672596,1.552751011,31.73331453,5086391.6,0.2931456007,96.27803151,6740599.4,0.02402729,97.461979
438.801,1200868.531,90778.90839,-142492.7117,6462.059389,-1173.309258,-403.3429259,29578.07806,204150.6564,-226966.3688,45556.70839,11320.58829,-1214.993111,565.8212423,-113.3174259,-6.669211783,1.434380253,30.74737253,5115859.695,0.2857102083,96.28753505,6740599.4,0.02402729,97.461979
439.801,1207347.004,89599.03663,-142896.3758,6494.944708,-1186.456343,-403.9739094,29261.13306,204188.7609,-220487.8963,44376.83663,10916.92424,-1182.107792,552.6741571,-113.9484094,-6.818547855,1.309166524,29.7616597,5146154.308,0.2781549732,96.29758728,6740599.4,0.02402729,97.461979
440.801,1213858.54,88405.95086,-143300.636,6528.188498,-1199.737954,-404.5343285,28944.18806,204226.6509,-213976.3599,43183.75086,10512.66399,-1148.864002,539.392546,-114.5088285,-6.969835348,1.176617837,28.77618582,5177310.969,0.2704769349,96.30822458,6740599.4,0.02402729,97.461979
441.801,1220403.503,87199.51448,-143705.4188,6561.798322,-1213.158299,-405.0179235,28627.24306,204264.3637,-207431.3973,41977.31448,10107.88118,-1115.254178,525.972201,-114.9924235,-7.123248952,1.036189231,27.79096147,5209367.274,0.2626730366,96.31948627,6740599.4,0.02402729,97.461979
442.801,1226982.261,85979.58653,-144110.644,6595.781942,-1226.721837,-405.4178644,28310.29806,204301.936,-200852.6387,40757.38653,9702.656019,-1081.270558,512.4086626,-115.3923644,-7.277262142,0.8889599221,26.81682049,5242363.025,0.254740123,96.33141491,6740599.4,0.02402729,97.461979
443.801,1233595.194,84746.0215,-144516.2242,6630.147321,-1240.433303,-405.7266875,27993.35306,204339.4034,-194239.7062,39523.8215,9297.075821,-1046.905179,498.6971965,-115.7011875,-7.43552133,0.7309891343,25.8321278,5276340.395,0.2466749375,96.3440567,6740599.4,0.02402729,97.461979
444.801,1240242.686,83498.66894,-144922.0643,6664.902625,-1254.297739,-405.9362155,27676.40806,204376.8002,-187592.214,38276.46894,8891.235734,-1012.149875,484.8327605,-115.9107155,-7.59658715,0.5631094139,24.84772244,5311344.104,0.2384741199,96.35746191,6740599.4,0.02402729,97.461979
445.801,1246925.132,82237.37324,-145328.0605,6700.056216,-1268.32053,-406.0374689,27359.46306,204414.1595,-180909.7682,37015.17324,8485.239471,-976.9962845,470.8099698,-116.0119689,-7.760757678,0.3844712104,23.86361968,5347421.598,0.2301342052,96.3716854,6740599.4,0.02402729,97.461979
446.801,1253642.934,80961.97318,-145734.0998,6735.616645,-1282.507445,-406.0205628,27042.51806,204451.5123,-174191.966,35739.77318,8079.20017,-941.4358546,456.6230553,-115.9950628,-7.928378282,0.1941150162,22.87983644,5384623.259,0.2216516215,96.38678717,6740599.4,0.02402729,97.461979
447.801,1260396.504,79672.30158,-146140.0586,6771.592648,-1296.864686,-405.8745851,26725.57306,204488.888,-167438.3964,34450.10158,7673.241355,-905.4598521,442.2658143,-115.8490851,-8.099851652,-0.009048118229,21.89639162,5423002.621,0.2130226905,96.40283311,6740599.4,0.02402729,97.461979
448.801,1267186.261,78368.18481,-146545.802,6807.993122,-1311.398949,-405.5874531,26408.62806,204526.3131,-160648.6392,33145.98481,7267.498035,-869.0593779,427.7315511,-115.5619531,-8.275650544,-0.2262605392,20.91330645,5462616.603,0.2042436281,96.41989577,6740599.4,0.02402729,97.461979
449.801,1274012.634,77049.44226,-146951.182,6844.827111,-1326.117494,-405.1457442,26091.68306,204563.8118,-153822.2656,31827.24226,6862.117956,-832.2253892,413.0130056,-115.1202442,-8.45633417,-0.4589476991,19.93060496,5503525.762,0.1953105473,96.43805533,6740599.4,0.02402729,97.461979
450.801,1280876.063,75715.88576,-147356.037,6882.10377,-1341.028234,-404.534493,25774.73806,204601.4044,-146958.8374,30493.68576,6457.26304,-794.9487298,398.1022658,-114.508993,-8.642569516,-0.7087553477,18.94831458,5545794.563,0.1862194627,96.45740079,6740599.4,0.02402729,97.461979
451.801,1287776.993,74367.31885,-147760.189,6919.832328,-1356.13984,-403.7369475,25457.79306,204639.1077,-140057.9074,29145.11885,6053.111046,-757.2201719,382.9906601,-113.7114475,-8.835159451,-0.9775965754,17.96646686,5589491.662,0.1769662996,96.47803136,6740599.4,0.02402729,97.461979
452.801,1294715.881,73003.53595,-148163.4425,6958.022025,-1371.461878,-402.7342726,25140.84806,204676.9332,-133119.0191,27781.33595,5649.857497,-719.0304752,367.6686223,-112.7087726,-9.035080317,-1.267711989,16.98509846,5634690.211,0.167546906,96.50005812,6740599.4,0.02402729,97.461979
453.801,1301693.193,71624.32141,-148565.5821,6996.682034,-1387.004981,-401.505185,24823.90306,204714.8873,-126141.7066,26402.12141,5247.717943,-680.3704662,352.1255191,-111.479685,-9.241190905,-1.578155894,16.01502794,5681468.16,0.1579570729,96.52360619,6740599.4,0.02402729,97.461979
454.801,1308709.405,70229.44834,-148966.3694,7035.821352,-1402.781066,-400.0255102,24506.95806,204752.9691,-119125.4952,25007.24834,4846.93062,-641.2311478,336.349434,-110.0000102,-9.459552033,-1.918948844,15.03474878,5729908.581,0.1481925631,96.54881724,6740599.4,0.02402729,97.461979
455.801,1315764.915,68818.21792,-149365.5956,7075.173584,-1420.239879,-398.3802889,24190.01306,204790.7042,-112069.9854,23596.01792,4447.70436,-601.8789162,318.8906206,-108.3547889,-13.81940772,-2.150434202,14.05254886,5780122.302,0.1382333148,96.57484794,6740599.4,0.02402729,97.461979
456.801,1322859.658,67387.84478,-149763.0135,7114.264324,-1441.00688,-396.3924377,23873.06806,204825.4838,-104975.2418,22165.64478,4050.286487,-562.7881757,298.1236203,-106.3669377,-17.3847955,-2.626662675,13.06731628,5832007.982,0.1280982588,96.60257456,6740599.4,0.02402729,97.461979
457.801,1329993.54,65935.89339,-150158.2461,7153.585869,-1462.921926,-394.0021695,23556.12306,204855.035,-97841.36036,20713.69339,3655.053891,-523.4666309,276.2085739,-103.9766695,-17.37355355,-3.149989532,12.08197002,5885717.719,0.1177878198,96.63274283,6740599.4,0.02402729,97.461979
458.801,1337167.006,64461.94885,-150550.8698,7193.436604,-1484.993162,-391.1675349,23239.17806,204879.175,-90667.89363,19239.74885,3262.430189,-483.6158955,254.137338,-101.1420349,-17.3586942,-3.71422416,11.09680213,5941461.517,0.107284892,96.66578932,6740599.4,0.02402729,97.461979
459.801,1344380.592,62965.85517,-150940.4177,7233.8261,-1507.220039,-387.8420015,22922.23306,204897.9944,-83454.30755,17743.65517,2872.882349,-443.2264002,231.9104607,-97.81650149,-17.33928912,-4.327524844,10.11182243,5999350.393,0.09658525376,96.70197815,6740599.4,0.02402729,97.461979
460.801,1351634.841,61447.4575,-151326.3718,7274.762975,-1529.600687,-383.969896,22605.28806,204911.5887,-76200.05896,16225.2575,2486.92824,-402.2895254,209.5298134,-93.94439601,-17.31406483,-5.000624179,9.127041736,6059501.319,0.08568497407,96.74162752,6740599.4,0.02402729,97.461979
461.801,1358930.303,59906.60377,-151708.1529,7316.254298,-1552.13132,-379.4834821,22288.34306,204920.0597,-68904.59676,14684.40377,2105.147145,-360.798202,186.99918,-89.45798206,-17.28122245,-5.748018536,8.142471981,6122036.572,0.07458062187,96.78512735,6740599.4,0.02402729,97.461979
462.801,1366267.536,58343.14702,-152085.1062,7358.304634,-1574.805325,-374.2986412,21971.39806,204923.5174,-61567.36398,13120.94702,1728.193836,-318.7478656,164.3251751,-84.27314124,-17.2381283,-6.589929542,7.158126493,6187082.26,0.06326959737,96.83296561,6740599.4,0.02402729,97.461979
463.801,1373647.099,56756.94891,-152456.482,7400.91446,-1597.611756,-368.3082038,21654.45306,204922.0818,-54187.80092,11534.74891,1356.818036,-276.1380401,141.518744,-78.28270381,-17.18074968,-7.555727502,6.174020351,6254765.364,0.05175068167,96.88576905,6740599.4,0.02402729,97.461979
464.801,1381069.549,55147.8852,-152821.4076,7444.077381,-1620.532742,-361.3710516,21337.50806,204915.8869,-46765.35057,9925.685201,991.892446,-232.9751192,118.5977577,-71.34555156,-17.10355159,-8.676738803,5.200980983,6325207.866,0.04002500039,96.94437017,6740599.4,0.02402729,97.461979
465.801,1388535.445,53515.84333,-153178.9388,7487.822943,-1643.583404,-353.6535514,21020.56306,204905.0801,-39299.45532,8293.643333,634.3612175,-189.229557,95.54709551,-63.6280514,-17.08374459,-8.940437773,4.218294345,6398630.039,0.02807923031,97.00757786,6740599.4,0.02402729,97.461979
466.801,1396045.423,51860.64821,-153528.6749,7532.249531,-1666.842571,-345.799255,20703.61806,204889.7812,-31789.47694,6638.448206,284.6251058,-144.8029694,72.28792864,-55.77375505,-17.08374459,-8.940437773,3.240159028,6475437.127,0.01587400164,97.07113709,6740599.4,0.02402729,97.461979
467.801,1403600.179,50182.08564,-153870.4979,7577.381291,-1690.31941,-337.8266699,20386.67306,204870.0946,-24234.72121,4959.885636,-57.19786488,-99.67120884,48.81108955,-47.80116993,-17.08374459,-8.940437773,2.272365073,6555880.133,0.003405385026,97.13491175,6740599.4,0.02402729,97.461979
468.801,1411200.428,48479.93454,-154204.2876,7623.240588,-1714.0208,-329.7321151,20069.72806,204846.1272,-16634.47186,3257.734538,-390.9875795,-53.81191176,25.10969992,-39.70661505,-17.08374459,-8.940437773,1.337221142,6640227.716,0.009365196355,97.19891025,6740599.4,0.02402729,97.461979
469.801,1418846.91,46753.96679,-154529.9202,7669.850856,-1737.953947,-321.5117333,19752.78306,204817.9886,-8987.989726,1531.766787,-716.6201548,-7.201644484,1.17655297,-31.48623332,-17.08374459,-8.940437773,0.6123865813,6728775.905,0.02241024398,97.26314134,6740599.4,0.02402729,97.461979
