-10,-10,-0.63538,-1.591925,0.288453,0.003082,-0.124824,0.872357
-10,-8,-0.639892,-1.353664,0.474484,0.002626,0.015602,0.76533
-10,-6,-0.64251,-1.112985,0.644545,0.002117,0.146082,0.651603
-10,-4,-0.644227,-0.880564,0.797405,0.001636,0.262912,0.539424
-10,-2,-0.645639,-0.667595,0.914364,0.001244,0.34924,0.438459
-10,0,-0.646274,-0.516534,0.99368,0.000931,0.406176,0.384717
-10,2,-0.645994,-0.411296,1.069643,0.000687,0.462246,0.362696
-10,4,-0.644762,-0.289039,1.150375,0.000509,0.522267,0.321952
-10,6,-0.642442,-0.083869,1.158718,0.000395,0.52036,0.215296
-10,8,-0.63897,0.216773,1.074765,0.000322,0.451365,0.041052
-10,10,-0.633547,0.550442,0.900963,0.000231,0.327287,-0.141879
-8,-10,-0.640896,-1.152563,0.2351,0.002573,-0.08635,0.556812
-8,-8,-0.644497,-0.957269,0.351337,0.002254,0.004709,0.478486
-8,-6,-0.646152,-0.746103,0.46216,0.001885,0.092317,0.380179
-8,-4,-0.64627,-0.551512,0.559418,0.001471,0.168786,0.292506
-8,-2,-0.646418,-0.381022,0.648394,0.00108,0.237778,0.221815
-8,0,-0.646917,-0.244117,0.70796,0.000768,0.280095,0.176536
-8,2,-0.647008,-0.147729,0.751199,0.00053,0.308493,0.162379
-8,4,-0.646302,-0.038922,0.804678,0.000359,0.347393,0.135648
-8,6,-0.645183,0.13376,0.814014,0.000251,0.352558,0.058644
-8,8,-0.642062,0.382253,0.711216,0.000179,0.271064,-0.070992
-8,10,-0.637273,0.685997,0.522582,0.000096,0.138821,-0.231202
-6,-10,-0.643888,-0.866798,0.194964,0.001937,-0.04407,0.351812
-6,-8,-0.646723,-0.702239,0.268367,0.001724,0.015793,0.296171
-6,-6,-0.6468,-0.521459,0.325581,0.001483,0.062264,0.218304
-6,-4,-0.645739,-0.363322,0.380712,0.001203,0.107765,0.156806
-6,-2,-0.644289,-0.222386,0.431988,0.00088,0.148998,0.106806
-6,0,-0.644071,-0.085973,0.485324,0.000596,0.1912,0.05709
-6,2,-0.644845,0.031034,0.514301,0.000379,0.210047,0.022533
-6,4,-0.645272,0.122962,0.514853,0.000231,0.203962,0.012843
-6,6,-0.644544,0.283986,0.512194,0.000137,0.202961,-0.053817
-6,8,-0.642728,0.484767,0.406003,0.000067,0.122381,-0.144171
-6,10,-0.638809,0.727765,0.227947,-0.000021,-0.002101,-0.259648
-4,-10,-0.645414,-0.706542,0.15306,0.001242,-0.00843,0.238457
-4,-8,-0.646952,-0.56635,0.196678,0.001115,0.028981,0.20105
-4,-6,-0.646069,-0.396081,0.213424,0.000975,0.042622,0.128926
-4,-4,-0.643633,-0.267024,0.262929,0.00081,0.087902,0.089975
-4,-2,-0.640767,-0.152465,0.27471,0.000612,0.097031,0.060472
-4,0,-0.638623,-0.024722,0.257732,0.000393,0.077627,0.01508
-4,2,-0.639736,0.084692,0.275052,0.000223,0.089572,-0.013725
-4,4,-0.64212,0.228648,0.309848,0.000115,0.120122,-0.073013
-4,6,-0.642622,0.33882,0.272084,0.000043,0.089006,-0.093812
-4,8,-0.642108,0.515929,0.199404,-0.00002,0.037195,-0.169528
-4,10,-0.639282,0.683137,0.075677,-0.0001,-0.05124,-0.228114
-2,-10,-0.64643,-0.653348,0.096014,0.000611,0.01264,0.205962
-2,-8,-0.646892,-0.499832,0.106358,0.00053,0.021937,0.153685
-2,-6,-0.645128,-0.36634,0.116356,0.000451,0.031481,0.114163
-2,-4,-0.641355,-0.245831,0.133106,0.000377,0.047647,0.081169
-2,-2,-0.635591,-0.108802,0.117396,0.000291,0.032837,0.027813
-2,0,-0.631965,0.011088,0.143895,0.000185,0.057108,-0.012173
-2,2,-0.634222,0.111909,0.125828,0.000084,0.038991,-0.034223
-2,4,-0.63886,0.257756,0.143865,0.000024,0.05633,-0.096194
-2,6,-0.641242,0.345307,0.109007,-0.000019,0.027329,-0.098381
-2,8,-0.642123,0.503304,0.072554,-0.000066,0.002259,-0.161691
-2,10,-0.641608,0.631559,0.008936,-0.000121,-0.043222,-0.191325
0,-10,-0.646857,-0.622344,-0.002382,-0.000039,-0.001076,0.181454
0,-8,-0.647022,-0.47764,-0.002824,-0.00003,-0.001776,0.136945
0,-6,-0.644959,-0.371167,-0.005981,-0.000022,-0.005186,0.122452
0,-4,-0.640017,-0.212472,-0.001808,-0.000014,-0.001413,0.052711
0,-2,-0.632916,-0.137129,-0.002441,-0.000008,-0.002043,0.057115
0,0,-0.62478,0.015945,-0.016283,-0.000003,-0.015009,-0.015219
0,2,-0.631491,0.1465,-0.001043,0,0.000098,-0.066124
0,4,-0.638019,0.269669,-0.001293,-0.000002,0.001242,-0.107301
0,6,-0.641795,0.344861,-0.012165,-0.000007,-0.007078,-0.098892
0,8,-0.648066,0.497224,-0.023876,-0.00002,-0.014885,-0.153043
0,10,-0.643821,0.611003,-0.024241,-0.000025,-0.014378,-0.177465
2,-10,-0.646242,-0.646104,-0.095306,-0.000687,-0.010004,0.199245
2,-8,-0.646466,-0.497648,-0.108829,-0.000589,-0.022783,0.151756
2,-6,-0.644581,-0.364248,-0.118343,-0.000498,-0.032449,0.112313
2,-4,-0.640782,-0.257296,-0.119041,-0.000406,-0.033706,0.092091
2,-2,-0.635196,-0.116142,-0.129985,-0.000305,-0.044236,0.034611
2,0,-0.632158,0.01058,-0.163988,-0.000182,-0.075424,-0.011934
2,2,-0.634374,0.116787,-0.134879,-0.000076,-0.045642,-0.039226
2,4,-0.63907,0.253514,-0.155161,-0.000018,-0.062523,-0.09307
2,6,-0.641591,0.34199,-0.131813,0.000016,-0.039957,-0.09661
2,8,-0.642415,0.495523,-0.110195,0.000055,-0.024324,-0.156191
2,10,-0.641847,0.626184,-0.048743,0.000111,0.021346,-0.18805
4,-10,-0.644903,-0.712552,-0.154024,-0.001341,0.009186,0.244024
4,-8,-0.646441,-0.567374,-0.197838,-0.001187,-0.028787,0.202038
4,-6,-0.64563,-0.399081,-0.216366,-0.001019,-0.044529,0.131836
4,-4,-0.643405,-0.283735,-0.268285,-0.000831,-0.092274,0.105957
4,-2,-0.640286,-0.145175,-0.247753,-0.000607,-0.070918,0.053537
4,0,-0.639048,-0.017608,-0.300906,-0.000374,-0.118163,0.008384
4,2,-0.640461,0.100107,-0.31463,-0.000199,-0.125963,-0.028649
4,4,-0.642622,0.216224,-0.312343,-0.00009,-0.118873,-0.062551
4,6,-0.643175,0.329644,-0.288112,-0.000021,-0.096371,-0.087786
4,8,-0.642616,0.496018,-0.232794,0.000041,-0.054401,-0.155182
4,10,-0.639356,0.662947,-0.131279,0.000119,0.019773,-0.214882
6,-10,-0.643388,-0.873643,-0.194743,-0.002026,0.045494,0.358044
6,-8,-0.646227,-0.705307,-0.272176,-0.00178,-0.018072,0.298793
6,-6,-0.646697,-0.519975,-0.325833,-0.001509,-0.06124,0.217281
6,-4,-0.645741,-0.366071,-0.393992,-0.001199,-0.119273,0.160071
6,-2,-0.644568,-0.225361,-0.446912,-0.000851,-0.162868,0.110692
6,0,-0.64452,-0.087356,-0.47513,-0.000549,-0.181626,0.059597
6,2,-0.64532,0.030873,-0.509765,-0.000333,-0.205604,0.023479
6,4,-0.645844,0.117483,-0.508411,-0.000187,-0.19586,0.017513
6,6,-0.645406,0.278835,-0.521298,-0.000092,-0.205899,-0.051598
6,8,-0.643608,0.470307,-0.42475,-0.000014,-0.128353,-0.136087
6,10,-0.639346,0.704594,-0.265382,0.000079,-0.012352,-0.247484
8,-10,-0.640606,-1.160777,-0.237262,-0.002638,0.085554,0.563643
8,-8,-0.644315,-0.962032,-0.358137,-0.002277,-0.009297,0.482855
8,-6,-0.646089,-0.743505,-0.468852,-0.00187,-0.09662,0.37853
8,-4,-0.646542,-0.548792,-0.56685,-0.00143,-0.174658,0.291774
8,-2,-0.646852,-0.373011,-0.640505,-0.001023,-0.230585,0.216941
8,0,-0.647338,-0.23694,-0.688572,-0.000702,-0.262948,0.172849
8,2,-0.647346,-0.141083,-0.732797,-0.000464,-0.292245,0.159006
8,4,-0.646949,-0.029555,-0.801197,-0.000295,-0.344345,0.128739
8,6,-0.646009,0.134723,-0.804829,-0.00018,-0.340989,0.057133
8,8,-0.642794,0.37461,-0.713024,-0.000091,-0.26466,-0.06814
8,10,-0.637971,0.66907,-0.531573,0.000006,-0.130856,-0.225019
10,-10,-0.635217,-1.600069,-0.294602,-0.003098,0.120834,0.878378
10,-8,-0.639827,-1.354909,-0.483107,-0.002595,-0.020934,0.766497
10,-6,-0.642753,-1.109819,-0.652635,-0.002062,-0.151152,0.650652
10,-4,-0.644705,-0.868069,-0.800243,-0.001569,-0.264556,0.531923
10,-2,-0.64627,-0.651307,-0.909692,-0.001162,-0.345668,0.428719
10,0,-0.646914,-0.497137,-0.979435,-0.000847,-0.39488,0.372409
10,2,-0.646497,-0.391463,-1.04891,-0.000604,-0.44535,0.349929
10,4,-0.645333,-0.268894,-1.123688,-0.00042,-0.49979,0.308736
10,6,-0.643075,-0.069746,-1.137224,-0.000291,-0.500462,0.20566
10,8,-0.639762,0.220229,-1.062296,-0.000194,-0.435005,0.036279
10,10,-0.634203,0.545303,-0.891112,-0.000084,-0.305787,-0.144754
-10,-10,-0.341208,-1.58851,0.246324,0.002887,-0.15502,0.886469
-10,-8,-0.34771,-1.367655,0.414496,0.002424,-0.026053,0.792136
-10,-6,-0.352317,-1.118505,0.605852,0.001917,0.122753,0.66919
-10,-4,-0.355698,-0.866698,0.784184,0.001451,0.259894,0.538999
-10,-2,-0.358316,-0.624194,0.915191,0.00109,0.356832,0.412551
-10,0,-0.359111,-0.478338,0.985936,0.00081,0.406707,0.362288
-10,2,-0.358066,-0.404354,1.057106,0.000589,0.458883,0.363945
-10,4,-0.3558,-0.319637,1.138972,0.00042,0.518478,0.349392
-10,6,-0.35205,-0.143949,1.169125,0.000312,0.533348,0.261097
-10,8,-0.346647,0.132538,1.093999,0.000241,0.46747,0.099446
-10,10,-0.33928,0.488356,0.90376,0.00017,0.326609,-0.106601
-8,-10,-0.348788,-1.121768,0.185068,0.002397,-0.123213,0.546986
-8,-8,-0.355219,-0.924603,0.312541,0.002092,-0.021256,0.463215
-8,-6,-0.359205,-0.722398,0.428729,0.001737,0.071948,0.370081
-8,-4,-0.361069,-0.538837,0.540887,0.001327,0.1621,0.290249
-8,-2,-0.362437,-0.358649,0.638945,0.000947,0.237521,0.208384
-8,0,-0.363244,-0.22622,0.693989,0.000659,0.274729,0.165866
-8,2,-0.362722,-0.151634,0.741927,0.000445,0.307752,0.168301
-8,4,-0.360591,-0.065907,0.799421,0.000287,0.349251,0.157307
-8,6,-0.357869,0.082048,0.81186,0.000183,0.354647,0.096933
-8,8,-0.352977,0.324648,0.711979,0.000115,0.273512,-0.032743
-8,10,-0.345798,0.617902,0.521334,0.000033,0.137705,-0.188101
-6,-10,-0.353976,-0.817419,0.174425,0.001804,-0.058047,0.323534
-6,-8,-0.359693,-0.655175,0.240323,0.001592,-0.00314,0.266042
-6,-6,-0.36261,-0.496639,0.296922,0.001361,0.043674,0.205934
-6,-4,-0.363866,-0.337879,0.372556,0.001094,0.108639,0.140262
-6,-2,-0.363313,-0.203021,0.384694,0.000781,0.112924,0.093031
-6,0,-0.364432,-0.084394,0.473122,0.000512,0.187026,0.05789
-6,2,-0.363788,0.002597,0.463735,0.000314,0.169458,0.048871
-6,4,-0.363213,0.102111,0.536055,0.000178,0.230431,0.028376
-6,6,-0.360562,0.252403,0.506189,0.000087,0.202701,-0.032512
-6,8,-0.356357,0.448666,0.38746,0.000019,0.110174,-0.121649
-6,10,-0.349753,0.695774,0.195629,-0.000066,-0.024786,-0.241775
-4,-10,-0.356939,-0.657042,0.145344,0.001154,-0.012591,0.207488
-4,-8,-0.361808,-0.530238,0.181925,0.001026,0.019597,0.179328
-4,-6,-0.36421,-0.393568,0.214625,0.000888,0.04895,0.135732
-4,-4,-0.363996,-0.225973,0.221295,0.000729,0.054031,0.057229
-4,-2,-0.363825,-0.155992,0.248123,0.000544,0.077433,0.067026
-4,0,-0.362393,-0.061941,0.236274,0.000339,0.062602,0.051285
-4,2,-0.363083,0.055199,0.308111,0.000186,0.126095,0.012696
-4,4,-0.36241,0.176533,0.271377,0.000082,0.089045,-0.027989
-4,6,-0.36089,0.334411,0.271663,0.000012,0.094241,-0.096412
-4,8,-0.357596,0.489075,0.165323,-0.000053,0.012633,-0.15296
-4,10,-0.351949,0.65539,0.029334,-0.000133,-0.084772,-0.212339
-2,-10,-0.358634,-0.594344,0.091942,0.000566,0.010047,0.164115
-2,-8,-0.362529,-0.462112,0.100111,0.000485,0.018082,0.128821
-2,-6,-0.364301,-0.338375,0.112919,0.000407,0.030614,0.095408
-2,-4,-0.364207,-0.24901,0.101593,0.000334,0.020305,0.089091
-2,-2,-0.360358,-0.098577,0.09734,0.000254,0.016555,0.020603
-2,0,-0.358795,0.029054,0.144822,0.000157,0.060746,-0.028992
-2,2,-0.359129,0.09072,0.109385,0.000065,0.026204,-0.016168
-2,4,-0.361845,0.25681,0.110654,0.000008,0.027711,-0.099538
-2,6,-0.360834,0.359466,0.106749,-0.000032,0.028419,-0.11835
-2,8,-0.358433,0.47187,0.056076,-0.000078,-0.009592,-0.140989
-2,10,-0.355062,0.595882,-0.008466,-0.00013,-0.055244,-0.169032
0,-10,-0.35904,-0.582218,-0.000707,-0.00003,0.000131,0.156584
0,-8,-0.363228,-0.443637,-0.002522,-0.000023,-0.001717,0.114958
0,-6,-0.364196,-0.308521,-0.002857,-0.000016,-0.00226,0.070271
0,-4,-0.363589,-0.202622,0.034028,-0.000009,0.032508,0.047643
0,-2,-0.359489,-0.140283,-0.017515,-0.000008,-0.016403,0.062267
0,0,-0.354235,0.020104,-0.031204,-0.000003,-0.029127,-0.019081
0,2,-0.357501,0.118302,0.004245,0.000001,0.005084,-0.041363
0,4,-0.361117,0.239748,-0.003886,-0.000002,-0.001288,-0.083212
0,6,-0.361777,0.345519,-0.010678,-0.000007,-0.005761,-0.106047
0,8,-0.360431,0.452119,-0.01953,-0.000015,-0.011982,-0.125375
0,10,-0.357045,0.571508,-0.024562,-0.000023,-0.014707,-0.151657
2,-10,-0.358251,-0.59802,-0.092155,-0.000627,-0.008786,0.167721
2,-8,-0.362177,-0.460729,-0.102336,-0.000533,-0.018967,0.12768
2,-6,-0.363651,-0.31826,-0.110198,-0.000445,-0.027265,0.076516
2,-4,-0.363418,-0.262943,-0.110939,-0.000358,-0.028702,0.102507
2,-2,-0.359896,-0.098646,-0.102081,-0.000263,-0.020632,0.020593
2,0,-0.358414,0.026238,-0.135229,-0.000151,-0.050895,-0.026524
2,2,-0.359333,0.075298,-0.109706,-0.000057,-0.024625,-0.001823
2,4,-0.361056,0.202961,-0.123069,-0.000005,-0.035103,-0.049512
2,6,-0.361072,0.354758,-0.129307,0.000028,-0.040967,-0.115263
2,8,-0.358714,0.460659,-0.095455,0.000069,-0.014108,-0.132391
2,10,-0.355077,0.590653,-0.029995,0.000128,0.034021,-0.165971
4,-10,-0.35639,-0.662712,-0.145828,-0.001239,0.013453,0.212758
4,-8,-0.361371,-0.51324,-0.175339,-0.001087,-0.012422,0.163457
4,-6,-0.363548,-0.411688,-0.191396,-0.000923,-0.026048,0.153006
4,-4,-0.363657,-0.252346,-0.231727,-0.000746,-0.063463,0.082369
4,-2,-0.363377,-0.136128,-0.2052,-0.000535,-0.036339,0.048298
4,0,-0.362661,-0.01326,-0.295476,-0.00032,-0.118525,0.005137
4,2,-0.363545,0.097638,-0.309867,-0.000162,-0.126892,-0.027709
4,4,-0.363372,0.210464,-0.306251,-0.000062,-0.118806,-0.060977
4,6,-0.361624,0.321041,-0.291382,0.000006,-0.105957,-0.086254
4,8,-0.358035,0.465773,-0.201197,0.000069,-0.031983,-0.135585
4,10,-0.351977,0.631472,-0.094031,0.00014,0.046528,-0.196446
6,-10,-0.353609,-0.821489,-0.176166,-0.001882,0.057449,0.327315
6,-8,-0.35933,-0.664306,-0.246528,-0.001642,-0.001491,0.274797
6,-6,-0.362679,-0.513551,-0.320846,-0.001384,-0.065075,0.222456
6,-4,-0.363877,-0.343763,-0.370004,-0.001086,-0.105462,0.146571
6,-2,-0.363865,-0.207595,-0.415062,-0.000752,-0.141615,0.098376
6,0,-0.36424,-0.074456,-0.449192,-0.000469,-0.165234,0.049506
6,2,-0.363945,0.003567,-0.454903,-0.000272,-0.161374,0.048757
6,4,-0.363765,0.112781,-0.510366,-0.00014,-0.205302,0.018289
6,6,-0.361198,0.248503,-0.505036,-0.000045,-0.197766,-0.030334
6,8,-0.356901,0.435366,-0.399928,0.000033,-0.112101,-0.113485
6,10,-0.350093,0.672781,-0.224658,0.000125,0.017042,-0.229374
8,-10,-0.348645,-1.124694,-0.189414,-0.002456,0.120261,0.549366
8,-8,-0.355125,-0.921936,-0.317931,-0.002113,0.01782,0.460999
8,-6,-0.358879,-0.727135,-0.439092,-0.001723,-0.080084,0.375656
8,-4,-0.361253,-0.550643,-0.556039,-0.001286,-0.175404,0.303234
8,-2,-0.362775,-0.359094,-0.629138,-0.000892,-0.22905,0.211168
8,0,-0.363405,-0.240027,-0.682197,-0.000599,-0.265356,0.181372
8,2,-0.362886,-0.145816,-0.721124,-0.000387,-0.289997,0.16548
8,4,-0.360929,-0.055907,-0.778561,-0.000229,-0.331318,0.150708
8,6,-0.358421,0.088865,-0.790755,-0.000117,-0.334374,0.092236
8,8,-0.353535,0.322621,-0.704773,-0.00003,-0.261341,-0.032682
8,10,-0.34614,0.606945,-0.525192,0.000067,-0.126729,-0.185754
10,-10,-0.340957,-1.597576,-0.236247,-0.002892,0.163558,0.893289
10,-8,-0.347654,-1.364072,-0.422937,-0.002393,0.02057,0.789114
10,-6,-0.35249,-1.112066,-0.615108,-0.001866,-0.129083,0.665324
10,-4,-0.35624,-0.839985,-0.787576,-0.001391,-0.26145,0.518961
10,-2,-0.358844,-0.601256,-0.901131,-0.001015,-0.344719,0.396116
10,0,-0.35932,-0.458434,-0.970776,-0.000733,-0.395041,0.348989
10,2,-0.358443,-0.384577,-1.031421,-0.00051,-0.438557,0.350582
10,4,-0.356184,-0.294873,-1.106326,-0.000339,-0.492595,0.332676
10,6,-0.352578,-0.118847,-1.135892,-0.000216,-0.506083,0.244745
10,8,-0.347307,0.143675,-1.070014,-0.000118,-0.443971,0.091901
10,10,-0.339688,0.488399,-0.891469,-0.000025,-0.304893,-0.111357
-10,-10,-0.209378,-1.595303,0.247527,0.002799,-0.16244,0.893648
-10,-8,-0.217345,-1.361813,0.424147,0.00234,-0.023524,0.789922
-10,-6,-0.223151,-1.108264,0.61628,0.001824,0.128254,0.664553
-10,-4,-0.22758,-0.842122,0.802526,0.001359,0.272715,0.522619
-10,-2,-0.230961,-0.585463,0.922054,0.001009,0.359734,0.38421
-10,0,-0.231925,-0.444087,0.979409,0.000747,0.398297,0.338271
-10,2,-0.23059,-0.386592,1.046675,0.000536,0.447784,0.354319
-10,4,-0.227511,-0.319372,1.137801,0.000371,0.516504,0.354001
-10,6,-0.22302,-0.151849,1.175256,0.000264,0.537398,0.271746
-10,8,-0.216661,0.142765,1.091349,0.000202,0.462895,0.095576
-10,10,-0.207937,0.518742,0.882203,0.000127,0.306537,-0.125294
-8,-10,-0.218472,-1.11326,0.198267,0.002323,-0.118207,0.540718
-8,-8,-0.226136,-0.917177,0.308493,0.002013,-0.027464,0.459089
-8,-6,-0.231344,-0.717113,0.422545,0.00166,0.065839,0.368345
-8,-4,-0.234496,-0.519276,0.526764,0.001245,0.149045,0.275051
-8,-2,-0.23644,-0.343027,0.622525,0.000872,0.221915,0.197307
-8,0,-0.23769,-0.209864,0.677119,0.000599,0.258789,0.154356
-8,2,-0.236889,-0.141605,0.72916,0.000397,0.295699,0.162016
-8,4,-0.234275,-0.076871,0.798311,0.000246,0.348593,0.169415
-8,6,-0.230374,0.071211,0.808975,0.000142,0.351418,0.107956
-8,8,-0.22429,0.317107,0.711711,0.000074,0.272574,-0.024498
-8,10,-0.215804,0.636184,0.498348,-0.000003,0.118455,-0.198838
-6,-10,-0.224605,-0.80494,0.181781,0.001742,-0.05537,0.313725
-6,-8,-0.231789,-0.640097,0.240443,0.001527,-0.004238,0.254283
-6,-6,-0.236068,-0.488254,0.293359,0.001298,0.040742,0.200612
-6,-4,-0.238208,-0.347577,0.361588,0.001035,0.099706,0.151737
-6,-2,-0.238737,-0.196125,0.398234,0.000725,0.127203,0.088347
-6,0,-0.239709,-0.072043,0.451289,0.000462,0.16772,0.047674
-6,2,-0.23927,0.00028,0.461601,0.000276,0.168492,0.052034
-6,4,-0.237856,0.093971,0.502531,0.000147,0.199992,0.036124
-6,6,-0.234697,0.237269,0.490082,0.000056,0.188711,-0.018335
-6,8,-0.229192,0.444985,0.377436,-0.000013,0.102421,-0.117324
-6,10,-0.221045,0.699568,0.179664,-0.000099,-0.036858,-0.2417
-4,-10,-0.228355,-0.646621,0.152554,0.001113,-0.008425,0.198654
-4,-8,-0.234965,-0.501349,0.175553,0.000982,0.013072,0.153768
-4,-6,-0.238587,-0.377536,0.203357,0.000842,0.03878,0.122488
-4,-4,-0.239187,-0.237848,0.209305,0.000687,0.043924,0.070194
-4,-2,-0.239272,-0.116006,0.235959,0.000507,0.067412,0.030198
-4,0,-0.238278,-0.018083,0.240993,0.00031,0.068665,0.010126
-4,2,-0.239348,0.085945,0.264146,0.00016,0.085929,-0.016524
-4,4,-0.238528,0.177214,0.273889,0.000063,0.092943,-0.02885
-4,6,-0.236171,0.325351,0.254685,-0.000008,0.080278,-0.0882
-4,8,-0.231305,0.478349,0.147776,-0.000075,-0.001394,-0.142086
-4,10,-0.224203,0.655822,0.017115,-0.000155,-0.094363,-0.210688
-2,-10,-0.230562,-0.584919,0.096009,0.000544,0.012703,0.155377
-2,-8,-0.236314,-0.450913,0.099332,0.000462,0.017122,0.119361
-2,-6,-0.239268,-0.335272,0.106326,0.000385,0.02465,0.093853
-2,-4,-0.239663,-0.214035,0.11651,0.000313,0.035024,0.057138
-2,-2,-0.237814,-0.113035,0.126103,0.000235,0.04445,0.035018
-2,0,-0.235979,-0.018594,0.101838,0.000139,0.020765,0.016415
-2,2,-0.236534,0.103831,0.11791,0.000055,0.035118,-0.028829
-2,4,-0.23776,0.224115,0.121829,0,0.0394,-0.069323
-2,6,-0.236052,0.343716,0.10046,-0.000041,0.023607,-0.104109
-2,8,-0.233002,0.453406,0.049031,-0.000087,-0.015325,-0.123773
-2,10,-0.227702,0.591702,-0.012231,-0.000142,-0.057726,-0.163819
0,-10,-0.23132,-0.573028,0.000829,-0.000027,0.001279,0.147776
0,-8,-0.237271,-0.434927,-0.001046,-0.000021,-0.00046,0.107513
0,-6,-0.239642,-0.340581,0.000771,-0.000016,0.00108,0.101531
0,-4,-0.239139,-0.189815,-0.007022,-0.000011,-0.006397,0.036604
0,-2,-0.236844,-0.098532,-0.006823,-0.000007,-0.006247,0.023084
0,0,-0.232941,0.012778,0.000744,-0.000003,0.001047,-0.012048
0,2,-0.235762,0.139205,0.006166,0,0.006887,-0.061686
0,4,-0.237575,0.209663,-0.018186,-0.000003,-0.014911,-0.055434
0,6,-0.237385,0.335093,-0.013398,-0.000007,-0.008505,-0.097013
0,8,-0.235224,0.439395,-0.018885,-0.000016,-0.011676,-0.113658
0,10,-0.229693,0.566647,-0.02288,-0.000024,-0.013616,-0.146045
2,-10,-0.230405,-0.586333,-0.094238,-0.0006,-0.00998,0.156814
2,-8,-0.236389,-0.450879,-0.101062,-0.000508,-0.017722,0.119544
2,-6,-0.238662,-0.325269,-0.104829,-0.000422,-0.022564,0.084556
2,-4,-0.238822,-0.194395,-0.10494,-0.000337,-0.023671,0.03861
2,-2,-0.237549,-0.120386,-0.13176,-0.000245,-0.04945,0.041933
2,0,-0.235769,-0.016962,-0.095688,-0.000135,-0.01424,0.014635
2,2,-0.236583,0.101046,-0.119973,-0.000049,-0.035349,-0.02657
2,4,-0.237884,0.216044,-0.133508,0.000002,-0.046243,-0.062404
2,6,-0.236409,0.33775,-0.124945,0.000036,-0.038294,-0.099855
2,8,-0.233435,0.445827,-0.087071,0.000079,-0.007862,-0.118517
2,10,-0.22764,0.586514,-0.022671,0.000142,0.038641,-0.16069
4,-10,-0.228099,-0.649497,-0.152224,-0.001194,0.009868,0.201357
4,-8,-0.234645,-0.504967,-0.18053,-0.001041,-0.016771,0.157414
4,-6,-0.238222,-0.364552,-0.200651,-0.000878,-0.03551,0.110403
4,-4,-0.239372,-0.260412,-0.231695,-0.000704,-0.064574,0.091779
4,-2,-0.238566,-0.12443,-0.225323,-0.000503,-0.057155,0.038309
4,0,-0.23858,-0.021678,-0.225895,-0.000289,-0.054116,0.013587
4,2,-0.239592,0.087427,-0.26788,-0.00014,-0.088689,-0.018035
4,4,-0.238901,0.174224,-0.306256,-0.000046,-0.120899,-0.02681
4,6,-0.236391,0.303035,-0.257511,0.000024,-0.076222,-0.069315
4,8,-0.23158,0.460384,-0.18557,0.000086,-0.020087,-0.129694
4,10,-0.224131,0.630964,-0.084928,0.000149,0.053187,-0.193964
6,-10,-0.224334,-0.806508,-0.184935,-0.001817,0.053506,0.315493
6,-8,-0.231617,-0.638492,-0.243225,-0.001577,0.002828,0.253273
6,-6,-0.235946,-0.485939,-0.29793,-0.001321,-0.043993,0.199139
6,-4,-0.238154,-0.338219,-0.357263,-0.00103,-0.094992,0.143673
6,-2,-0.23902,-0.197895,-0.404603,-0.000699,-0.133453,0.090961
6,0,-0.239923,-0.082628,-0.443027,-0.000426,-0.160802,0.058709
6,2,-0.239612,0.006422,-0.45631,-0.000242,-0.164131,0.04722
6,4,-0.238252,0.104221,-0.511202,-0.000114,-0.20761,0.02703
6,6,-0.235152,0.231589,-0.485248,-0.000019,-0.180827,-0.013918
6,8,-0.229622,0.432357,-0.389328,0.000061,-0.104232,-0.109427
6,10,-0.221261,0.67654,-0.208201,0.000155,0.029627,-0.229353
8,-10,-0.218396,-1.112651,-0.204072,-0.002383,0.113933,0.540391
8,-8,-0.226122,-0.913143,-0.314508,-0.002038,0.023284,0.456035
8,-6,-0.231476,-0.708845,-0.426708,-0.001649,-0.068379,0.361835
8,-4,-0.234817,-0.513059,-0.530017,-0.00121,-0.151532,0.270987
8,-2,-0.236877,-0.341129,-0.621365,-0.000824,-0.221946,0.197714
8,0,-0.237989,-0.203354,-0.665174,-0.000546,-0.249461,0.15034
8,2,-0.237117,-0.134412,-0.713611,-0.000346,-0.283391,0.157493
8,4,-0.234766,-0.060218,-0.768384,-0.000194,-0.322478,0.156644
8,6,-0.230861,0.08231,-0.788312,-0.000083,-0.332479,0.100162
8,8,-0.224793,0.318567,-0.70317,0.000005,-0.259734,-0.026784
8,10,-0.216073,0.623837,-0.505847,0.000098,-0.109584,-0.195651
10,-10,-0.209319,-1.591211,-0.255611,-0.002817,0.156075,0.889261
10,-8,-0.2174,-1.354538,-0.432344,-0.002316,0.017848,0.783636
10,-6,-0.223488,-1.098203,-0.623641,-0.001781,-0.133165,0.657286
10,-4,-0.228077,-0.824851,-0.800738,-0.001302,-0.270623,0.510527
10,-2,-0.231441,-0.565163,-0.911764,-0.000942,-0.351551,0.370162
10,0,-0.232359,-0.422539,-0.957631,-0.000674,-0.380888,0.323106
10,2,-0.23092,-0.367712,-1.019943,-0.000463,-0.427106,0.341021
10,4,-0.227842,-0.293069,-1.103655,-0.000298,-0.489616,0.335723
10,6,-0.223556,-0.122003,-1.13783,-0.000176,-0.50701,0.252085
10,8,-0.217306,0.158524,-1.065745,-0.000086,-0.438731,0.085279
10,10,-0.208333,0.519794,-0.873183,0.000007,-0.287001,-0.130557
-10,-10,-0.197065,-1.603484,0.242259,0.002785,-0.163744,0.898572
-10,-8,-0.20539,-1.377946,0.411573,0.002318,-0.030653,0.802483
-10,-6,-0.211571,-1.139098,0.602191,0.00179,0.12018,0.689
-10,-4,-0.216295,-0.882641,0.79246,0.001319,0.26683,0.554822
-10,-2,-0.220203,-0.624468,0.918536,0.000973,0.358083,0.414428
-10,0,-0.221691,-0.471654,0.984556,0.000722,0.403108,0.358339
-10,2,-0.220345,-0.412144,1.059222,0.000519,0.458649,0.371842
-10,4,-0.217203,-0.336005,1.152881,0.00036,0.528636,0.36289
-10,6,-0.212726,-0.151577,1.185332,0.000258,0.544091,0.266098
-10,8,-0.205752,0.145471,1.10003,0.00019,0.467432,0.088176
-10,10,-0.196078,0.532387,0.886785,0.000109,0.308861,-0.137946
-8,-10,-0.206619,-1.121968,0.190793,0.002305,-0.121454,0.547766
-8,-8,-0.214846,-0.926992,0.306283,0.001995,-0.027029,0.467815
-8,-6,-0.220283,-0.727385,0.416398,0.001637,0.062579,0.377147
-8,-4,-0.223598,-0.53587,0.526702,0.001217,0.151206,0.289317
-8,-2,-0.226162,-0.356007,0.618962,0.000843,0.219712,0.207695
-8,0,-0.227836,-0.219743,0.674902,0.000576,0.257242,0.161642
-8,2,-0.227069,-0.153173,0.72985,0.00038,0.296471,0.170208
-8,4,-0.224635,-0.081961,0.795925,0.000233,0.345776,0.170763
-8,6,-0.220407,0.069818,0.813244,0.000133,0.354699,0.106419
-8,8,-0.21383,0.329166,0.70915,0.000068,0.270187,-0.036661
-8,10,-0.204334,0.642603,0.4992,-0.000022,0.120042,-0.204315
-6,-10,-0.213327,-0.80912,0.185874,0.001727,-0.050964,0.318447
-6,-8,-0.220884,-0.64415,0.237703,0.001509,-0.005785,0.258948
-6,-6,-0.22541,-0.485568,0.293957,0.001278,0.042562,0.198558
-6,-4,-0.227314,-0.346221,0.34766,0.001014,0.087852,0.15067
-6,-2,-0.227973,-0.198934,0.392559,0.000702,0.122789,0.090874
-6,0,-0.229257,-0.083337,0.442769,0.000441,0.160148,0.057829
-6,2,-0.22959,0.001886,0.469844,0.000261,0.176615,0.0494
-6,4,-0.228416,0.090984,0.498976,0.000134,0.196657,0.037245
-6,6,-0.225074,0.233944,0.487511,0.000048,0.186545,-0.016508
-6,8,-0.218913,0.452374,0.372847,-0.00002,0.099392,-0.124056
-6,10,-0.210008,0.710214,0.174129,-0.000111,-0.040234,-0.250417
-4,-10,-0.217401,-0.649922,0.157555,0.001102,-0.004043,0.202975
-4,-8,-0.224424,-0.50156,0.177027,0.00097,0.014552,0.155199
-4,-6,-0.227816,-0.365816,0.197122,0.000828,0.033381,0.112245
-4,-4,-0.228489,-0.25272,0.226923,0.000673,0.06112,0.084813
-4,-2,-0.227661,-0.124817,0.222013,0.000493,0.055013,0.038912
-4,0,-0.227239,-0.01958,0.250671,0.000297,0.078353,0.011554
-4,2,-0.228345,0.075519,0.260046,0.000149,0.082733,-0.007131
-4,4,-0.228624,0.191712,0.284704,0.000055,0.103571,-0.043271
-4,6,-0.226404,0.313457,0.24166,-0.000014,0.068789,-0.077359
-4,8,-0.221227,0.481902,0.145207,-0.000081,-0.002668,-0.145366
-4,10,-0.213487,0.658793,0.02348,-0.000162,-0.088701,-0.213457
-2,-10,-0.219805,-0.588715,0.099368,0.000537,0.015448,0.159953
-2,-8,-0.226048,-0.448574,0.100561,0.000455,0.018163,0.118184
-2,-6,-0.228641,-0.333903,0.10595,0.000378,0.024427,0.093329
-2,-4,-0.228143,-0.214376,0.109206,0.000306,0.028392,0.058086
-2,-2,-0.225177,-0.118821,0.12611,0.000228,0.044794,0.040887
-2,0,-0.222331,0.001002,0.109703,0.000134,0.028789,-0.002227
-2,2,-0.224686,0.115575,0.134337,0.000051,0.051132,-0.040289
-2,4,-0.227201,0.206183,0.112615,-0.000002,0.030957,-0.052849
-2,6,-0.226468,0.323568,0.094149,-0.000041,0.017458,-0.085761
-2,8,-0.223018,0.450933,0.054749,-0.000085,-0.011291,-0.122193
-2,10,-0.216781,0.593799,0.002345,-0.000137,-0.047203,-0.166406
0,-10,-0.220815,-0.577293,0.001824,-0.000026,0.002018,0.152653
0,-8,-0.226894,-0.443224,-0.000897,-0.000021,-0.000418,0.116143
0,-6,-0.229268,-0.331519,-0.001683,-0.000016,-0.001281,0.093678
0,-4,-0.227825,-0.199731,0.000413,-0.000011,0.000598,0.046458
0,-2,-0.222638,-0.096457,0.000418,-0.000007,0.000619,0.021612
0,0,-0.217831,0.005975,0.001471,-0.000003,0.001877,-0.005678
0,2,-0.222179,0.107886,-0.001286,-0.000001,-0.000271,-0.032349
0,4,-0.22672,0.204715,-0.004717,-0.000002,-0.002407,-0.051347
0,6,-0.227656,0.326896,-0.009156,-0.000007,-0.005103,-0.089897
0,8,-0.225057,0.437486,-0.014245,-0.000012,-0.008734,-0.112421
0,10,-0.218822,0.571192,-0.014024,-0.000015,-0.008186,-0.150433
2,-10,-0.21968,-0.590445,-0.096161,-0.000592,-0.011655,0.161647
2,-8,-0.225815,-0.448908,-0.101388,-0.000501,-0.018024,0.118614
2,-6,-0.228399,-0.322363,-0.103721,-0.000414,-0.021677,0.082463
2,-4,-0.227658,-0.205467,-0.103786,-0.00033,-0.022914,0.049706
2,-2,-0.224859,-0.108573,-0.113761,-0.000237,-0.032744,0.031066
2,0,-0.222144,0.00044,-0.107804,-0.000131,-0.026379,-0.001912
2,2,-0.224758,0.113325,-0.12524,-0.000045,-0.040863,-0.038519
2,4,-0.22735,0.199375,-0.119582,0.000004,-0.033624,-0.047161
2,6,-0.226783,0.314797,-0.114577,0.000037,-0.028997,-0.078766
2,8,-0.223431,0.444234,-0.088088,0.000078,-0.008796,-0.117577
2,10,-0.216941,0.589293,-0.032448,0.000137,0.030904,-0.163739
4,-10,-0.217167,-0.652807,-0.156549,-0.001182,0.00601,0.205687
4,-8,-0.22408,-0.502652,-0.17949,-0.001028,-0.01592,0.156451
4,-6,-0.227573,-0.366443,-0.201596,-0.000865,-0.036931,0.113073
4,-4,-0.228326,-0.254386,-0.22775,-0.000689,-0.061481,0.086608
4,-2,-0.227512,-0.125998,-0.22384,-0.00049,-0.056484,0.040105
4,0,-0.227345,-0.020346,-0.245861,-0.000279,-0.073692,0.012311
4,2,-0.228594,0.07314,-0.257638,-0.000131,-0.079746,-0.005029
4,4,-0.229,0.187101,-0.284287,-0.000039,-0.100528,-0.039873
4,6,-0.226764,0.305483,-0.256797,0.000028,-0.076251,-0.072198
4,8,-0.221534,0.463799,-0.183666,0.00009,-0.019114,-0.133066
4,10,-0.21353,0.634407,-0.092241,0.000151,0.04675,-0.197251
6,-10,-0.213039,-0.810585,-0.189069,-0.001801,0.049056,0.320206
6,-8,-0.220686,-0.642512,-0.242339,-0.001559,0.002591,0.257969
6,-6,-0.225391,-0.480193,-0.297222,-0.001302,-0.044675,0.194255
6,-4,-0.227498,-0.342832,-0.349982,-0.001011,-0.089537,0.148333
6,-2,-0.228333,-0.201638,-0.392778,-0.000678,-0.123198,0.094298
6,0,-0.229688,-0.077645,-0.429204,-0.000408,-0.148292,0.05332
6,2,-0.229906,0.003054,-0.457302,-0.000228,-0.165435,0.049166
6,4,-0.22877,0.09255,-0.490199,-0.000104,-0.187927,0.036186
6,6,-0.225494,0.230873,-0.484569,-0.000013,-0.180335,-0.014718
6,8,-0.219405,0.44084,-0.384435,0.000066,-0.100589,-0.117483
6,10,-0.210427,0.689279,-0.201738,0.000163,0.034237,-0.24013
8,-10,-0.206768,-1.11673,-0.208447,-0.00237,0.107507,0.543163
8,-8,-0.214864,-0.922289,-0.311622,-0.00202,0.023266,0.46406
8,-6,-0.220464,-0.72152,-0.422072,-0.001628,-0.066737,0.372815
8,-4,-0.224125,-0.527742,-0.524871,-0.001185,-0.148952,0.283319
8,-2,-0.226712,-0.34894,-0.612451,-0.000799,-0.2148,0.203227
8,0,-0.228207,-0.214882,-0.669055,-0.000527,-0.253794,0.159269
8,2,-0.227399,-0.145903,-0.714437,-0.000332,-0.28445,0.165741
8,4,-0.22505,-0.068607,-0.773969,-0.000185,-0.327572,0.161434
8,6,-0.220936,0.082529,-0.79155,-0.000077,-0.334946,0.097257
8,8,-0.214419,0.331363,-0.700155,0.000009,-0.256808,-0.039807
8,10,-0.205013,0.647684,-0.495259,0.000104,-0.101091,-0.215664
10,-10,-0.197062,-1.597123,-0.250053,-0.002807,0.157341,0.892422
10,-8,-0.205546,-1.371291,-0.419431,-0.002297,0.024897,0.79672
10,-6,-0.212411,-1.121447,-0.61451,-0.001755,-0.128991,0.674895
10,-4,-0.217239,-0.856971,-0.794894,-0.001271,-0.26812,0.53536
10,-2,-0.221086,-0.593958,-0.910114,-0.000914,-0.351188,0.391696
10,0,-0.222264,-0.449166,-0.962249,-0.000654,-0.385533,0.342558
10,2,-0.220778,-0.391194,-1.030822,-0.000451,-0.436832,0.357024
10,4,-0.217596,-0.307144,-1.116768,-0.000292,-0.500419,0.342926
10,6,-0.213255,-0.119811,-1.146213,-0.000174,-0.512644,0.245222
10,8,-0.206593,0.178281,-1.068489,-0.000085,-0.438058,0.063884
10,10,-0.196868,0.533932,-0.878621,0.000022,-0.289289,-0.144367
-10,-10,-0.321573,-1.630017,0.419627,0.002747,-0.07819,0.877501
-10,-8,-0.330747,-1.385296,0.561342,0.002265,0.044507,0.782655
-10,-6,-0.337138,-1.120652,0.738692,0.001725,0.193465,0.659774
-10,-4,-0.342603,-0.830604,0.914925,0.001266,0.333566,0.505525
-10,-2,-0.346706,-0.562936,1.01476,0.000938,0.407839,0.363849
-10,0,-0.347884,-0.408089,1.060205,0.000694,0.438925,0.311935
-10,2,-0.346623,-0.325693,1.11443,0.000495,0.479129,0.313464
-10,4,-0.343552,-0.215392,1.178125,0.000333,0.527062,0.28724
-10,6,-0.338959,0.009765,1.177443,0.000225,0.520251,0.171817
-10,8,-0.332457,0.365899,1.045012,0.000149,0.413898,-0.03377
-10,10,-0.322245,0.800315,0.796209,0.000048,0.240708,-0.267836
-8,-10,-0.332347,-1.181814,0.324755,0.002275,-0.050756,0.559651
-8,-8,-0.340479,-0.965106,0.40959,0.001959,0.027793,0.476586
-8,-6,-0.345409,-0.749009,0.501882,0.001595,0.109728,0.382801
-8,-4,-0.348382,-0.534337,0.603409,0.001172,0.194863,0.282505
-8,-2,-0.351252,-0.34069,0.691007,0.000803,0.263015,0.194311
-8,0,-0.352976,-0.194393,0.737184,0.000547,0.29418,0.143803
-8,2,-0.352446,-0.106526,0.776427,0.000358,0.320697,0.139278
-8,4,-0.350198,-0.002329,0.819177,0.000214,0.351926,0.119651
-8,6,-0.346254,0.183225,0.809294,0.000116,0.340745,0.03692
-8,8,-0.340266,0.484174,0.672086,0.000045,0.23392,-0.126211
-8,10,-0.331222,0.863819,0.426403,-0.000049,0.064353,-0.323558
-6,-10,-0.339296,-0.883593,0.282255,0.001705,0.004151,0.346758
-6,-8,-0.34624,-0.694317,0.305008,0.001484,0.032097,0.280897
-6,-6,-0.350083,-0.519479,0.333611,0.001246,0.061536,0.21602
-6,-4,-0.351406,-0.356758,0.371931,0.000979,0.09547,0.15326
-6,-2,-0.351791,-0.204636,0.419515,0.00067,0.133878,0.094815
-6,0,-0.353532,-0.0723,0.461976,0.000414,0.165615,0.050445
-6,2,-0.354437,0.029543,0.493041,0.000242,0.187377,0.031474
-6,4,-0.353334,0.129917,0.516023,0.000114,0.203896,0.014635
-6,6,-0.350418,0.297078,0.488651,0.00003,0.181566,-0.052931
-6,8,-0.345152,0.571124,0.33911,-0.000031,0.068011,-0.19533
-6,10,-0.337504,0.888687,0.112573,-0.000193,-0.089435,-0.349288
-4,-10,-0.343088,-0.732567,0.217191,0.001088,0.031274,0.242537
-4,-8,-0.349563,-0.558325,0.217941,0.000954,0.038431,0.1849
-4,-6,-0.352776,-0.400975,0.22498,0.00081,0.048554,0.131453
-4,-4,-0.352354,-0.259875,0.230153,0.000653,0.055008,0.083942
-4,-2,-0.349895,-0.133097,0.235208,0.000474,0.058929,0.044115
-4,0,-0.349617,-0.018958,0.250207,0.000278,0.070306,0.012711
-4,2,-0.351872,0.089565,0.271898,0.000136,0.087579,-0.014562
-4,4,-0.353275,0.207869,0.277519,0.000044,0.092186,-0.047569
-4,6,-0.351788,0.365136,0.234791,-0.000027,0.059358,-0.107702
-4,8,-0.347498,0.561867,0.131278,-0.000109,-0.018575,-0.191065
-4,10,-0.340511,0.756707,0.035235,-0.000181,-0.086488,-0.262805
-2,-10,-0.345341,-0.679089,0.12912,0.00053,0.033415,0.207421
-2,-8,-0.35133,-0.508938,0.119007,0.000447,0.028925,0.15217
-2,-6,-0.352988,-0.360778,0.115675,0.000369,0.028492,0.104849
-2,-4,-0.350972,-0.224798,0.110172,0.000297,0.025118,0.060279
-2,-2,-0.347524,-0.106812,0.106321,0.000217,0.021886,0.026094
-2,0,-0.345451,0.002034,0.107096,0.000124,0.02217,-0.002211
-2,2,-0.347941,0.10371,0.114539,0.000043,0.029143,-0.02454
-2,4,-0.350322,0.221667,0.113501,-0.000012,0.029543,-0.058789
-2,6,-0.350528,0.357724,0.090728,-0.000058,0.012795,-0.102715
-2,8,-0.349009,0.516703,0.043482,-0.000118,-0.021501,-0.157795
-2,10,-0.344005,0.690185,-0.032327,-0.000193,-0.072592,-0.215948
0,-10,-0.346247,-0.663349,0.004485,-0.000025,0.004028,0.198171
0,-8,-0.352048,-0.492978,0.000699,-0.00002,0.000856,0.142092
0,-6,-0.353084,-0.346781,-0.000099,-0.000015,0.000141,0.095506
0,-4,-0.350711,-0.21694,0.00069,-0.000012,0.000748,0.055129
0,-2,-0.345614,-0.104295,-0.000285,-0.000008,-0.000049,0.025003
0,0,-0.341538,0.013927,-0.018589,-0.000004,-0.017098,-0.012707
0,2,-0.345598,0.10371,-0.000767,-0.000002,0.000205,-0.023859
0,4,-0.349972,0.219021,-0.004869,-0.000004,-0.002559,-0.05662
0,6,-0.352281,0.348558,-0.010864,-0.00001,-0.006656,-0.096048
0,8,-0.351282,0.495926,-0.016127,-0.00002,-0.010102,-0.142731
0,10,-0.345883,0.666391,-0.014202,-0.000022,-0.008051,-0.198616
2,-10,-0.345231,-0.681859,-0.121045,-0.000581,-0.025951,0.209845
2,-8,-0.350886,-0.508001,-0.116163,-0.000491,-0.025998,0.15196
2,-6,-0.352749,-0.361677,-0.115967,-0.000406,-0.028235,0.105645
2,-4,-0.350451,-0.225242,-0.109584,-0.000322,-0.024341,0.060619
2,-2,-0.347042,-0.108379,-0.105109,-0.000229,-0.020339,0.027307
2,0,-0.345334,-0.000228,-0.108078,-0.000124,-0.022392,-0.000459
2,2,-0.348102,0.102701,-0.115879,-0.000041,-0.028792,-0.023896
2,4,-0.350491,0.218418,-0.121845,0.00001,-0.033512,-0.056389
2,6,-0.350715,0.352362,-0.112257,0.000051,-0.025678,-0.098852
2,8,-0.348868,0.501185,-0.073455,0.000101,0.003306,-0.147131
2,10,-0.343402,0.683059,0.007509,0.000193,0.059444,-0.21145
4,-10,-0.342912,-0.738312,-0.220184,-0.001167,-0.032325,0.24616
4,-8,-0.349401,-0.560481,-0.221899,-0.001011,-0.040743,0.186223
4,-6,-0.352793,-0.401946,-0.22869,-0.000847,-0.05105,0.132118
4,-4,-0.351903,-0.260664,-0.232078,-0.000671,-0.056341,0.084639
4,-2,-0.349974,-0.132507,-0.235718,-0.000472,-0.059208,0.043615
4,0,-0.35003,-0.019313,-0.24973,-0.000263,-0.069744,0.012838
4,2,-0.352314,0.088715,-0.270229,-0.000122,-0.085324,-0.013963
4,4,-0.353437,0.20637,-0.278349,-0.00003,-0.090649,-0.04656
4,6,-0.352109,0.355904,-0.248907,0.000041,-0.066255,-0.100996
4,8,-0.347312,0.540765,-0.170081,0.000105,-0.005097,-0.176215
4,10,-0.339794,0.743029,-0.076661,0.000164,0.060931,-0.253437
6,-10,-0.338944,-0.883616,-0.283168,-0.001777,-0.004193,0.346912
6,-8,-0.345969,-0.692966,-0.307606,-0.001532,-0.033551,0.279997
6,-6,-0.350145,-0.516055,-0.341952,-0.001272,-0.06785,0.213361
6,-4,-0.352067,-0.351726,-0.384443,-0.000982,-0.105469,0.149336
6,-2,-0.352645,-0.201502,-0.420995,-0.00065,-0.135336,0.092677
6,0,-0.354366,-0.069715,-0.4577,-0.000387,-0.162361,0.048891
6,2,-0.355066,0.032963,-0.484122,-0.000215,-0.179481,0.029375
6,4,-0.354196,0.141601,-0.506246,-0.000093,-0.194194,0.005512
6,6,-0.351104,0.306546,-0.480901,-0.000001,-0.171391,-0.060869
6,8,-0.345296,0.540789,-0.365635,0.000082,-0.080482,-0.174315
6,10,-0.336578,0.826061,-0.1678,0.000194,0.063725,-0.31098
8,-10,-0.332507,-1.169603,-0.347283,-0.002341,0.033938,0.54862
8,-8,-0.340535,-0.957105,-0.418604,-0.001987,-0.034312,0.469847
8,-6,-0.345526,-0.742865,-0.506229,-0.001587,-0.112944,0.378035
8,-4,-0.348923,-0.529158,-0.606138,-0.001143,-0.197325,0.278999
8,-2,-0.35142,-0.348146,-0.677529,-0.000754,-0.253105,0.201613
8,0,-0.353305,-0.187435,-0.725477,-0.000503,-0.284951,0.139401
8,2,-0.352799,-0.100591,-0.759146,-0.000312,-0.306666,0.135466
8,4,-0.350743,0.009858,-0.79795,-0.000167,-0.333502,0.110872
8,6,-0.34698,0.193191,-0.791295,-0.000057,-0.322975,0.029422
8,8,-0.340736,0.47772,-0.671629,0.000034,-0.225542,-0.123421
8,10,-0.331084,0.856996,-0.426807,0.000154,-0.045111,-0.326381
10,-10,-0.321513,-1.624224,-0.423892,-0.002768,0.074503,0.871746
10,-8,-0.331273,-1.357205,-0.590216,-0.002259,-0.065956,0.758621
10,-6,-0.338166,-1.098335,-0.755366,-0.001696,-0.205813,0.641653
10,-4,-0.343355,-0.818805,-0.912872,-0.001217,-0.332028,0.497372
10,-2,-0.347689,-0.52742,-1.008631,-0.000887,-0.402154,0.337173
10,0,-0.348706,-0.373168,-1.03882,-0.000638,-0.421523,0.28608
10,2,-0.347231,-0.290037,-1.082518,-0.000436,-0.453581,0.287041
10,4,-0.344076,-0.185178,-1.141617,-0.000264,-0.496904,0.265672
10,6,-0.33974,0.038706,-1.144285,-0.000139,-0.490777,0.151563
10,8,-0.333035,0.376579,-1.029005,-0.000043,-0.393357,-0.04306
10,10,-0.322442,0.790177,-0.796239,0.000077,-0.219088,-0.271621
-10,-10,-0.504848,-1.600553,0.536314,0.002789,-0.058627,0.799964
-10,-8,-0.513008,-1.328341,0.671412,0.002284,0.067044,0.697596
-10,-6,-0.519357,-1.05909,0.830249,0.001718,0.207954,0.583465
-10,-4,-0.525463,-0.757688,0.989717,0.001252,0.338489,0.429988
-10,-2,-0.529887,-0.479691,1.067809,0.00093,0.397945,0.290787
-10,0,-0.530754,-0.320238,1.086669,0.000688,0.409985,0.24626
-10,2,-0.528948,-0.235564,1.113866,0.000486,0.431374,0.257545
-10,4,-0.525087,-0.133124,1.158661,0.000316,0.467406,0.249972
-10,6,-0.519927,0.087544,1.146618,0.000187,0.455111,0.15097
-10,8,-0.513253,0.444057,1.007875,0.000084,0.345178,-0.042821
-10,10,-0.504067,0.914625,0.747001,-0.000046,0.1619,-0.290169
-8,-10,-0.514436,-1.190319,0.395032,0.002297,-0.045663,0.512159
-8,-8,-0.5223,-0.962749,0.46471,0.001968,0.027366,0.435831
-8,-6,-0.52751,-0.741232,0.546448,0.001589,0.106241,0.350026
-8,-4,-0.531139,-0.523545,0.642007,0.001147,0.190405,0.257158
-8,-2,-0.534881,-0.31595,0.7254,0.000778,0.255771,0.166511
-8,0,-0.536764,-0.162197,0.759241,0.000525,0.277677,0.119138
-8,2,-0.535665,-0.065655,0.783682,0.000338,0.293304,0.117194
-8,4,-0.532382,0.04004,0.81372,0.00019,0.315635,0.106551
-8,6,-0.527555,0.232346,0.791725,0.000084,0.295663,0.029491
-8,8,-0.520979,0.548631,0.639561,-0.000006,0.176937,-0.134285
-8,10,-0.511985,0.970052,0.375553,-0.000163,-0.008276,-0.347192
-6,-10,-0.521094,-0.904841,0.320029,0.001716,0.000444,0.311813
-6,-8,-0.528416,-0.705214,0.336078,0.00149,0.02768,0.252772
-6,-6,-0.533113,-0.52461,0.367321,0.001248,0.063174,0.194878
-6,-4,-0.535479,-0.356245,0.404869,0.000971,0.099545,0.137109
-6,-2,-0.536565,-0.195071,0.449225,0.00065,0.136687,0.078825
-6,0,-0.538569,-0.055931,0.484115,0.000393,0.162086,0.036533
-6,2,-0.538958,0.051218,0.505469,0.000223,0.175736,0.021686
-6,4,-0.53689,0.167994,0.516593,0.000102,0.182209,0.000791
-6,6,-0.532458,0.336943,0.477774,0.000009,0.150212,-0.05895
-6,8,-0.525983,0.615781,0.317988,-0.000075,0.027209,-0.194352
-6,10,-0.517469,0.91524,0.1102,-0.000225,-0.122847,-0.326437
-4,-10,-0.525015,-0.75679,0.248806,0.001098,0.035614,0.211299
-4,-8,-0.53197,-0.572538,0.23696,0.000958,0.035919,0.161294
-4,-6,-0.536387,-0.411901,0.243078,0.00081,0.047546,0.116469
-4,-4,-0.536556,-0.266294,0.247938,0.000646,0.05609,0.075167
-4,-2,-0.534312,-0.134362,0.257082,0.00046,0.065438,0.038368
-4,0,-0.534187,-0.010194,0.272795,0.000259,0.077803,0.004352
-4,2,-0.536374,0.103577,0.287729,0.000118,0.088311,-0.020388
-4,4,-0.53702,0.223974,0.28588,0.000027,0.085473,-0.046858
-4,6,-0.534334,0.385264,0.235327,-0.000051,0.044847,-0.100956
-4,8,-0.528927,0.585537,0.135688,-0.000137,-0.032801,-0.176522
-4,10,-0.521369,0.792526,0.037644,-0.000205,-0.105376,-0.244992
-2,-10,-0.52742,-0.71166,0.147723,0.000534,0.037992,0.183252
-2,-8,-0.533847,-0.528017,0.128986,0.00045,0.028218,0.133233
-2,-6,-0.537066,-0.370693,0.12127,0.000369,0.025726,0.090852
-2,-4,-0.535046,-0.235911,0.12022,0.000293,0.027444,0.056957
-2,-2,-0.531999,-0.114314,0.121875,0.00021,0.030231,0.027056
-2,0,-0.53055,0.004878,0.124755,0.000115,0.032745,-0.004923
-2,2,-0.532499,0.121589,0.128213,0.000033,0.035503,-0.034753
-2,4,-0.533919,0.24079,0.121552,-0.000022,0.029974,-0.062376
-2,6,-0.533726,0.375847,0.09359,-0.000068,0.007833,-0.095929
-2,8,-0.531152,0.538743,0.03582,-0.000139,-0.035394,-0.14284
-2,10,-0.524907,0.733998,-0.060265,-0.00026,-0.101203,-0.202555
0,-10,-0.528396,-0.702594,0.005805,-0.000025,0.005059,0.179405
0,-8,-0.53511,-0.518746,0.001156,-0.00002,0.001181,0.12859
0,-6,-0.537826,-0.36316,-0.000244,-0.000016,-0.000016,0.08709
0,-4,-0.534777,-0.232288,0.000026,-0.000012,0.000234,0.056222
0,-2,-0.530449,-0.112334,0.000377,-0.000009,0.000588,0.026925
0,0,-0.527805,0.007229,0.000063,-0.000005,0.000497,-0.006055
0,2,-0.530595,0.124378,-0.001284,-0.000003,-0.000226,-0.03699
0,4,-0.533725,0.242355,-0.005236,-0.000004,-0.002839,-0.064512
0,6,-0.535925,0.36624,-0.011959,-0.000011,-0.007569,-0.08893
0,8,-0.533778,0.515494,-0.019235,-0.00002,-0.012587,-0.12578
0,10,-0.527403,0.692465,-0.022084,-0.000026,-0.014201,-0.173098
2,-10,-0.527191,-0.71459,-0.137957,-0.000584,-0.029272,0.18566
2,-8,-0.533511,-0.529804,-0.127125,-0.000492,-0.026128,0.134755
2,-6,-0.536658,-0.371959,-0.121861,-0.000403,-0.02584,0.091954
2,-4,-0.534361,-0.236354,-0.120774,-0.000316,-0.02764,0.057285
2,-2,-0.531349,-0.114386,-0.121893,-0.000221,-0.029875,0.02696
2,0,-0.5303,0.004353,-0.124834,-0.000115,-0.032199,-0.00471
2,2,-0.532611,0.11968,-0.129807,-0.000032,-0.035427,-0.033318
2,4,-0.53409,0.237259,-0.130028,0.000018,-0.034118,-0.059692
2,6,-0.533937,0.370194,-0.115528,0.000061,-0.021229,-0.091737
2,8,-0.531156,0.531568,-0.067088,0.000137,0.015877,-0.137677
2,10,-0.524705,0.728036,0.028486,0.000276,0.082304,-0.198656
4,-10,-0.52495,-0.764271,-0.2613,-0.001176,-0.043712,0.2141
4,-8,-0.531668,-0.576789,-0.247515,-0.001015,-0.043163,0.163109
4,-6,-0.535891,-0.412711,-0.244467,-0.000843,-0.048344,0.117216
4,-4,-0.536178,-0.266898,-0.249537,-0.000661,-0.057258,0.07576
4,-2,-0.534098,-0.134941,-0.257886,-0.000456,-0.066054,0.038866
4,0,-0.534253,-0.011204,-0.271961,-0.000244,-0.076965,0.005225
4,2,-0.536567,0.101643,-0.285848,-0.000105,-0.085919,-0.018645
4,4,-0.53728,0.220349,-0.286841,-0.000015,-0.084124,-0.043997
4,6,-0.53459,0.376377,-0.249962,0.00006,-0.052441,-0.094341
4,8,-0.528714,0.569704,-0.173985,0.000128,0.008771,-0.165101
4,10,-0.520684,0.780032,-0.071658,0.000187,0.084971,-0.23682
6,-10,-0.520631,-0.905647,-0.320594,-0.001783,-0.000563,0.312429
6,-8,-0.528068,-0.704302,-0.340941,-0.001534,-0.031063,0.2519
6,-6,-0.532933,-0.522077,-0.373015,-0.001268,-0.067306,0.192841
6,-4,-0.535515,-0.353623,-0.408423,-0.000965,-0.102332,0.135277
6,-2,-0.536842,-0.193936,-0.448787,-0.000626,-0.136743,0.078449
6,0,-0.538727,-0.055764,-0.478727,-0.000363,-0.158059,0.037127
6,2,-0.538963,0.05228,-0.496489,-0.000195,-0.168008,0.021606
6,4,-0.537165,0.170328,-0.506295,-0.000076,-0.172283,-0.000563
6,6,-0.53284,0.339257,-0.471704,0.000023,-0.141727,-0.060684
6,8,-0.526167,0.607019,-0.33145,0.000134,-0.029887,-0.187533
6,10,-0.516914,0.86964,-0.157929,0.000223,0.100301,-0.297391
8,-10,-0.514355,-1.185827,-0.403966,-0.002353,0.038585,0.507946
8,-8,-0.522216,-0.957922,-0.470618,-0.001988,-0.031802,0.431668
8,-6,-0.527636,-0.733841,-0.554139,-0.001575,-0.112095,0.344
8,-4,-0.531689,-0.518598,-0.644436,-0.001112,-0.192761,0.253917
8,-2,-0.535363,-0.311766,-0.719386,-0.000733,-0.251848,0.164512
8,0,-0.537043,-0.154046,-0.746385,-0.000479,-0.267824,0.114077
8,2,-0.535933,-0.056556,-0.764451,-0.000291,-0.27808,0.111234
8,4,-0.532889,0.051283,-0.790657,-0.00014,-0.2963,0.098963
8,6,-0.528325,0.277048,-0.753628,-0.000037,-0.261678,-0.002573
8,8,-0.521251,0.543694,-0.636231,0.000075,-0.166582,-0.131431
8,10,-0.511659,0.927571,-0.396032,0.00023,0.012559,-0.324401
10,-10,-0.504936,-1.590409,-0.544495,-0.002804,0.05154,0.790638
10,-8,-0.5132,-1.321108,-0.677994,-0.002257,-0.072593,0.690974
10,-6,-0.520297,-1.045079,-0.839414,-0.001677,-0.215259,0.57234
10,-4,-0.526337,-0.739039,-0.990176,-0.001198,-0.339134,0.416627
10,-2,-0.530599,-0.453942,-1.058463,-0.000865,-0.390739,0.272524
10,0,-0.531264,-0.293777,-1.064014,-0.000618,-0.392791,0.227548
10,2,-0.529412,-0.210254,-1.082692,-0.00041,-0.407414,0.239765
10,4,-0.525962,-0.090153,-1.116578,-0.000238,-0.433276,0.219616
10,6,-0.52087,0.121562,-1.107498,-0.000096,-0.421856,0.127719
10,8,-0.513737,0.458642,-0.984393,0.000021,-0.320001,-0.053088
10,10,-0.503945,0.900691,-0.740954,0.000154,-0.135223,-0.288383
-10,-10,-0.699466,-1.568539,0.635405,0.002832,-0.022613,0.740772
-10,-8,-0.703842,-1.278582,0.754914,0.002315,0.09622,0.633828
-10,-6,-0.707056,-1.008463,0.899737,0.001724,0.229155,0.526265
-10,-4,-0.710799,-0.709403,1.038473,0.001257,0.345317,0.380474
-10,-2,-0.713117,-0.44807,1.093794,0.000943,0.3888,0.261019
-10,0,-0.712864,-0.305125,1.100369,0.000706,0.392586,0.235027
-10,2,-0.711403,-0.229124,1.123739,0.000501,0.412213,0.258144
-10,4,-0.708982,-0.112422,1.163186,0.000329,0.443889,0.244889
-10,6,-0.706519,0.132844,1.13927,0.000191,0.421273,0.132839
-10,8,-0.703304,0.52239,0.98042,0.00006,0.295432,-0.07823
-10,10,-0.697761,1.00178,0.717654,-0.000116,0.106903,-0.326346
-8,-10,-0.705371,-1.180795,0.46583,0.002319,-0.019249,0.470702
-8,-8,-0.708697,-0.948428,0.51269,0.001977,0.039136,0.400425
-8,-6,-0.709993,-0.727661,0.577994,0.001585,0.107705,0.323034
-8,-4,-0.710486,-0.514529,0.664093,0.001136,0.18644,0.240333
-8,-2,-0.71225,-0.308576,0.738461,0.000773,0.245307,0.156284
-8,0,-0.713189,-0.158,0.765319,0.000527,0.261931,0.116524
-8,2,-0.712366,-0.066491,0.787528,0.000341,0.276243,0.123535
-8,4,-0.710734,0.042036,0.81806,0.000191,0.298804,0.115528
-8,6,-0.708981,0.250237,0.79027,0.000076,0.273529,0.031487
-8,8,-0.706306,0.590896,0.624993,-0.000031,0.143158,-0.145108
-8,10,-0.701345,1.005754,0.366633,-0.000184,-0.043756,-0.352231
-6,-10,-0.708498,-0.915053,0.353171,0.001714,0.00683,0.287992
-6,-8,-0.710935,-0.706361,0.359627,0.001484,0.028555,0.230615
-6,-6,-0.711056,-0.522993,0.378088,0.001237,0.055928,0.178051
-6,-4,-0.709705,-0.354492,0.409192,0.000959,0.088647,0.126029
-6,-2,-0.707935,-0.197051,0.450875,0.000639,0.124751,0.075575
-6,0,-0.70907,-0.060442,0.484089,0.000387,0.148196,0.040187
-6,2,-0.710135,0.042627,0.506116,0.000217,0.162277,0.033445
-6,4,-0.710179,0.15788,0.521834,0.000093,0.172581,0.018166
-6,6,-0.709242,0.343414,0.4791,-0.000002,0.136535,-0.04937
-6,8,-0.707105,0.626633,0.321384,-0.000095,0.012938,-0.183494
-6,10,-0.703528,0.935784,0.119764,-0.000239,-0.138588,-0.317731
-4,-10,-0.709614,-0.767363,0.258925,0.00109,0.03171,0.189893
-4,-8,-0.711134,-0.5736,0.242947,0.000949,0.030033,0.140695
-4,-6,-0.710335,-0.408054,0.239577,0.000798,0.035572,0.0992
-4,-4,-0.706198,-0.264277,0.248432,0.000637,0.048361,0.064519
-4,-2,-0.70037,-0.132675,0.260357,0.000453,0.060669,0.03233
-4,0,-0.698688,-0.008999,0.276861,0.000257,0.073634,0.00274
-4,2,-0.702271,0.103151,0.289821,0.000118,0.081839,-0.016247
-4,4,-0.706053,0.22266,0.288629,0.000025,0.07901,-0.037405
-4,6,-0.707342,0.383958,0.240874,-0.000052,0.039648,-0.086799
-4,8,-0.706779,0.583078,0.146031,-0.000126,-0.036218,-0.156514
-4,10,-0.704884,0.806617,0.047055,-0.000204,-0.111933,-0.22971
-2,-10,-0.710023,-0.71074,0.145045,0.000525,0.030663,0.15615
-2,-8,-0.710719,-0.521547,0.127062,0.000442,0.021842,0.108357
-2,-6,-0.708562,-0.365199,0.120297,0.000362,0.020546,0.072423
-2,-4,-0.701137,-0.231793,0.120398,0.000287,0.023738,0.044891
-2,-2,-0.693471,-0.110833,0.123053,0.000206,0.027857,0.019888
-2,0,-0.6898,0.007174,0.127231,0.000115,0.03169,-0.007378
-2,2,-0.693486,0.122032,0.129228,0.000033,0.032608,-0.031567
-2,4,-0.699123,0.239607,0.121982,-0.000022,0.025951,-0.053169
-2,6,-0.703945,0.376245,0.095691,-0.00007,0.004629,-0.083275
-2,8,-0.706714,0.541711,0.037042,-0.000142,-0.040059,-0.126495
-2,10,-0.706231,0.739349,-0.062343,-0.00026,-0.109812,-0.181747
0,-10,-0.710479,-0.703054,0.005747,-0.000028,0.005017,0.153007
0,-8,-0.711321,-0.513609,0.000999,-0.000022,0.001053,0.104708
0,-6,-0.708473,-0.358374,-0.00057,-0.000018,-0.000301,0.069518
0,-4,-0.699454,-0.227836,-0.000466,-0.000014,-0.000193,0.044085
0,-2,-0.689924,-0.10931,0.000088,-0.00001,0.000367,0.020546
0,0,-0.682636,0.009067,-0.00012,-0.000006,0.00035,-0.007972
0,2,-0.68943,0.125624,-0.001437,-0.000004,-0.000383,-0.034685
0,4,-0.697522,0.241417,-0.005429,-0.000006,-0.003086,-0.05551
0,6,-0.70561,0.367239,-0.012377,-0.000013,-0.008045,-0.076559
0,8,-0.708939,0.51801,-0.020465,-0.000023,-0.013698,-0.108692
0,10,-0.708422,0.696682,-0.024009,-0.000029,-0.015777,-0.151127
2,-10,-0.70991,-0.713401,-0.135663,-0.000582,-0.022281,0.158371
2,-8,-0.710496,-0.52313,-0.125886,-0.000489,-0.020339,0.109716
2,-6,-0.708265,-0.366873,-0.121899,-0.0004,-0.021512,0.073872
2,-4,-0.700502,-0.23266,-0.121735,-0.000313,-0.024611,0.045673
2,-2,-0.692816,-0.111171,-0.124021,-0.00022,-0.028367,0.020085
2,0,-0.689468,0.006394,-0.127675,-0.000117,-0.031485,-0.006838
2,2,-0.69353,0.119957,-0.130823,-0.000034,-0.032615,-0.029916
2,4,-0.699288,0.236212,-0.130255,0.000018,-0.030091,-0.050543
2,6,-0.704199,0.370549,-0.117402,0.000062,-0.018121,-0.078941
2,8,-0.706872,0.534131,-0.069412,0.00014,0.019341,-0.120884
2,10,-0.70616,0.732994,0.030578,0.000276,0.090663,-0.177503
4,-10,-0.70949,-0.770745,-0.254727,-0.001169,-0.027613,0.192664
4,-8,-0.710789,-0.574824,-0.24394,-0.001006,-0.03035,0.14176
4,-6,-0.709894,-0.40883,-0.241517,-0.000834,-0.036826,0.099955
4,-4,-0.705848,-0.264852,-0.250473,-0.000654,-0.049857,0.065128
4,-2,-0.700148,-0.133413,-0.261665,-0.000453,-0.061671,0.03305
4,0,-0.698655,-0.010169,-0.276021,-0.000245,-0.072739,0.003884
4,2,-0.7023,0.100958,-0.287484,-0.000107,-0.079097,-0.01414
4,4,-0.706211,0.218923,-0.288868,-0.000016,-0.077226,-0.034256
4,6,-0.707603,0.375488,-0.254561,0.000057,-0.046736,-0.08027
4,8,-0.706644,0.567363,-0.18367,0.000117,0.01232,-0.144914
4,10,-0.70431,0.794618,-0.082992,0.00019,0.090151,-0.22176
6,-10,-0.708342,-0.915476,-0.355383,-0.001791,-0.008365,0.28845
6,-8,-0.710788,-0.705253,-0.363677,-0.001535,-0.031472,0.229865
6,-6,-0.710982,-0.520765,-0.382322,-0.001262,-0.059072,0.176519
6,-4,-0.709748,-0.351917,-0.41242,-0.000959,-0.091248,0.124383
6,-2,-0.708114,-0.195702,-0.450476,-0.000619,-0.12483,0.075175
6,0,-0.709043,-0.05976,-0.478533,-0.000361,-0.143983,0.040506
6,2,-0.709981,0.044865,-0.496628,-0.000194,-0.154151,0.032552
6,4,-0.710356,0.161603,-0.510774,-0.000072,-0.162145,0.01589
6,6,-0.709538,0.342895,-0.47465,0.000029,-0.129654,-0.048705
6,8,-0.707185,0.605514,-0.344048,0.000125,-0.023165,-0.167916
6,10,-0.703126,0.89608,-0.1795,0.000232,0.104863,-0.290371
8,-10,-0.705641,-1.174385,-0.474903,-0.002391,0.011758,0.465578
8,-8,-0.708887,-0.941015,-0.520556,-0.002009,-0.045387,0.394426
8,-6,-0.710239,-0.719676,-0.585377,-0.00158,-0.11366,0.316832
8,-4,-0.711031,-0.507267,-0.66666,-0.00111,-0.189062,0.235478
8,-2,-0.712575,-0.302686,-0.731888,-0.000734,-0.241018,0.153137
8,0,-0.71322,-0.150129,-0.751176,-0.000484,-0.251325,0.111802
8,2,-0.712412,-0.054016,-0.767296,-0.000298,-0.260198,0.115074
8,4,-0.711147,0.061568,-0.791973,-0.00015,-0.276894,0.101859
8,6,-0.709443,0.266738,-0.766706,-0.000027,-0.252018,0.020191
8,8,-0.706425,0.584854,-0.624008,0.000089,-0.134849,-0.140714
8,10,-0.701144,0.965661,-0.395192,0.000238,0.04127,-0.328212
10,-10,-0.700281,-1.536554,-0.665576,-0.002883,-0.001325,0.713786
10,-8,-0.704477,-1.262389,-0.767242,-0.002305,-0.106804,0.620414
10,-6,-0.708095,-0.994228,-0.905097,-0.001693,-0.234445,0.515805
10,-4,-0.711525,-0.695347,-1.035154,-0.001205,-0.344242,0.371648
10,-2,-0.713584,-0.429049,-1.081784,-0.000879,-0.380849,0.248542
10,0,-0.713157,-0.282135,-1.07757,-0.000634,-0.37624,0.219258
10,2,-0.711644,-0.196089,-1.091173,-0.000428,-0.386922,0.234755
10,4,-0.709654,-0.070124,-1.120956,-0.000253,-0.409568,0.215492
10,6,-0.707182,0.170044,-1.098723,-0.000107,-0.386536,0.1077
10,8,-0.703424,0.537582,-0.957945,0.00003,-0.270271,-0.088666
10,10,-0.697439,0.980728,-0.720115,0.000198,-0.086261,-0.318627
-10,-10,-0.796006,-1.568207,1.033436,0.002871,0.173841,0.636434
-10,-8,-0.796313,-1.216085,1.02536,0.002308,0.231039,0.528415
-10,-6,-0.796563,-0.913657,1.11479,0.001687,0.331012,0.415009
-10,-4,-0.797825,-0.608724,1.190135,0.001249,0.404557,0.279048
-10,-2,-0.797321,-0.389826,1.187644,0.000942,0.410382,0.206071
-10,0,-0.796624,-0.271272,1.168255,0.000704,0.399364,0.20607
-10,2,-0.795934,-0.177923,1.181228,0.000491,0.412476,0.221774
-10,4,-0.794793,0.001357,1.197031,0.000314,0.424593,0.170449
-10,6,-0.794642,0.318073,1.137609,0.000142,0.373816,0.019212
-10,8,-0.794311,0.77416,0.959978,-0.000066,0.23092,-0.22035
-10,10,-0.792521,1.256398,0.795917,-0.000376,0.081978,-0.439956
-8,-10,-0.798382,-1.23506,0.678731,0.002379,0.089586,0.440181
-8,-8,-0.797319,-0.958777,0.665737,0.00199,0.113995,0.362272
-8,-6,-0.795375,-0.715143,0.695446,0.001563,0.160103,0.283216
-8,-4,-0.793547,-0.498882,0.757023,0.001086,0.222832,0.21064
-8,-2,-0.793448,-0.286749,0.804613,0.000735,0.262908,0.131073
-8,0,-0.793073,-0.137676,0.810197,0.000504,0.265089,0.100325
-8,2,-0.792912,-0.03327,0.821476,0.000323,0.271998,0.103768
-8,4,-0.792773,0.110433,0.837623,0.000174,0.282419,0.076268
-8,6,-0.793265,0.365074,0.789222,0.000043,0.239677,-0.032782
-8,8,-0.793607,0.749053,0.6172,-0.00012,0.10169,-0.226896
-8,10,-0.792835,1.135977,0.45861,-0.000348,-0.030036,-0.394779
-6,-10,-0.798353,-1.003958,0.471591,0.001732,0.065392,0.297809
-6,-8,-0.796523,-0.75207,0.45128,0.00148,0.071768,0.226431
-6,-6,-0.79338,-0.545836,0.440107,0.001217,0.079592,0.170514
-6,-4,-0.789242,-0.364772,0.44957,0.000921,0.097504,0.119223
-6,-2,-0.785741,-0.202298,0.480714,0.000593,0.126164,0.073348
-6,0,-0.785856,-0.061198,0.506738,0.000354,0.144578,0.041792
-6,2,-0.787158,0.053412,0.524941,0.000195,0.156212,0.032233
-6,4,-0.788726,0.191372,0.535844,0.000074,0.162199,0.005768
-6,6,-0.790481,0.409863,0.484344,-0.000032,0.118005,-0.078671
-6,8,-0.791549,0.714242,0.343536,-0.000165,0.003806,-0.216366
-6,10,-0.792358,0.995166,0.276845,-0.00025,-0.056358,-0.312775
-4,-10,-0.797333,-0.86819,0.323137,0.001092,0.061678,0.214843
-4,-8,-0.794544,-0.630469,0.291111,0.000939,0.050983,0.149988
-4,-6,-0.789946,-0.437304,0.26874,0.000779,0.043753,0.099473
-4,-4,-0.783367,-0.276493,0.262189,0.000611,0.045326,0.060261
-4,-2,-0.775447,-0.138969,0.269995,0.000424,0.055372,0.030921
-4,0,-0.772634,-0.013238,0.285881,0.000232,0.068097,0.006451
-4,2,-0.776811,0.102643,0.297026,0.0001,0.074455,-0.008747
-4,4,-0.782245,0.235343,0.297049,0.000008,0.072307,-0.033878
-4,6,-0.786185,0.416888,0.256814,-0.000072,0.037681,-0.091466
-4,8,-0.789191,0.638634,0.194223,-0.000145,-0.015847,-0.167173
-4,10,-0.791492,0.912909,0.097937,-0.000247,-0.09188,-0.262196
-2,-10,-0.7966,-0.811151,0.169905,0.00052,0.040672,0.184619
-2,-8,-0.792857,-0.578304,0.14693,0.000432,0.029661,0.120092
-2,-6,-0.786794,-0.390388,0.130216,0.00035,0.021457,0.070741
-2,-4,-0.776298,-0.242074,0.125084,0.000274,0.021153,0.040016
-2,-2,-0.765904,-0.114446,0.125392,0.000192,0.023756,0.016544
-2,0,-0.761151,0.004824,0.128669,0.000103,0.026911,-0.005447
-2,2,-0.765413,0.122133,0.132096,0.000026,0.028827,-0.025433
-2,4,-0.773235,0.249598,0.127692,-0.00003,0.02411,-0.048609
-2,6,-0.781262,0.402758,0.10544,-0.000085,0.005209,-0.083694
-2,8,-0.787495,0.598966,0.045897,-0.000177,-0.040733,-0.140188
-2,10,-0.791615,0.846733,-0.056965,-0.000347,-0.114444,-0.21744
0,-10,-0.79643,-0.798369,0.005552,-0.000025,0.004879,0.179221
0,-8,-0.792525,-0.567146,0.000984,-0.000023,0.001123,0.114842
0,-6,-0.785842,-0.381105,-0.000758,-0.000019,-0.000384,0.066179
0,-4,-0.77354,-0.236647,-0.00082,-0.000015,-0.000463,0.038255
0,-2,-0.761327,-0.110403,-0.000279,-0.000011,0.000064,0.0151
0,0,-0.752505,0.007444,-0.000393,-0.000007,0.000106,-0.006679
0,2,-0.760405,0.125002,-0.001567,-0.000005,-0.000546,-0.028077
0,4,-0.770794,0.249752,-0.005227,-0.000007,-0.003068,-0.049707
0,6,-0.782572,0.392971,-0.011599,-0.000014,-0.007657,-0.076812
0,8,-0.789576,0.574339,-0.02105,-0.000027,-0.014561,-0.122442
0,10,-0.793844,0.799865,-0.028659,-0.000039,-0.020038,-0.184198
2,-10,-0.79661,-0.813271,-0.162184,-0.000571,-0.033599,0.186385
2,-8,-0.792695,-0.579591,-0.146679,-0.000482,-0.028842,0.121165
2,-6,-0.786384,-0.391544,-0.131852,-0.000392,-0.022354,0.071781
2,-4,-0.775644,-0.242909,-0.12657,-0.000304,-0.02203,0.040797
2,-2,-0.765223,-0.114982,-0.126683,-0.00021,-0.024455,0.016977
2,0,-0.760742,0.004004,-0.129358,-0.000109,-0.026854,-0.004798
2,2,-0.765431,0.120507,-0.133512,-0.000029,-0.028717,-0.024074
2,4,-0.773329,0.246933,-0.13536,0.000026,-0.028024,-0.04654
2,6,-0.781525,0.39823,-0.125061,0.000079,-0.017675,-0.080269
2,8,-0.787751,0.592234,-0.076842,0.00018,0.020175,-0.135198
2,10,-0.791638,0.839397,0.022445,0.000375,0.091705,-0.212407
4,-10,-0.797319,-0.869856,-0.322166,-0.001161,-0.06034,0.216441
4,-8,-0.794353,-0.630753,-0.293561,-0.000997,-0.052535,0.150388
4,-6,-0.789706,-0.437478,-0.271395,-0.000822,-0.04556,0.099766
4,-4,-0.783166,-0.276713,-0.26441,-0.000637,-0.046854,0.060592
4,-2,-0.7753,-0.13956,-0.271328,-0.000431,-0.056236,0.031557
4,0,-0.772559,-0.014059,-0.284811,-0.000228,-0.066837,0.007383
4,2,-0.776747,0.101899,-0.294504,-0.000096,-0.071448,-0.007786
4,4,-0.782279,0.233643,-0.297428,-0.000003,-0.070725,-0.032361
4,6,-0.786251,0.409454,-0.272803,0.000072,-0.047045,-0.085636
4,8,-0.789147,0.626608,-0.226599,0.000138,-0.005218,-0.158234
4,10,-0.791037,0.898641,-0.135006,0.000242,0.06873,-0.252672
6,-10,-0.798592,-1.000714,-0.47947,-0.001803,-0.071517,0.295477
6,-8,-0.796853,-0.748655,-0.457755,-0.001544,-0.076803,0.224016
6,-6,-0.793691,-0.541977,-0.445511,-0.001254,-0.083819,0.167734
6,-4,-0.789555,-0.361131,-0.453107,-0.000932,-0.100422,0.116745
6,-2,-0.786031,-0.200645,-0.479405,-0.000586,-0.125482,0.072698
6,0,-0.785769,-0.059919,-0.500595,-0.00034,-0.13972,0.041514
6,2,-0.786857,0.057583,-0.515154,-0.00018,-0.147643,0.029666
6,4,-0.788811,0.197597,-0.525066,-0.00006,-0.151849,0.001541
6,6,-0.790659,0.40853,-0.484691,0.000052,-0.114833,-0.077118
6,8,-0.791725,0.684076,-0.388637,0.000166,-0.032477,-0.192701
6,10,-0.792158,0.964972,-0.335904,0.000211,0.017826,-0.290373
8,-10,-0.798952,-1.227672,-0.688789,-0.002437,-0.098261,0.434796
8,-8,-0.798098,-0.949305,-0.67541,-0.002045,-0.122077,0.354803
8,-6,-0.796102,-0.705241,-0.703119,-0.001582,-0.166764,0.275722
8,-4,-0.794314,-0.490563,-0.755682,-0.00108,-0.222977,0.205321
8,-2,-0.793824,-0.281212,-0.795244,-0.000711,-0.256872,0.128262
8,0,-0.793079,-0.129914,-0.794674,-0.000473,-0.253683,0.095398
8,2,-0.792721,-0.016856,-0.80116,-0.00029,-0.255526,0.092241
8,4,-0.793022,0.133509,-0.812346,-0.000138,-0.260646,0.05997
8,6,-0.793466,0.380436,-0.771058,0,-0.221522,-0.043112
8,8,-0.793554,0.7267,-0.636668,0.000162,-0.108023,-0.209717
8,10,-0.792645,1.065685,-0.553023,0.000293,-0.030271,-0.341777
10,-10,-0.796849,-1.552735,-1.045859,-0.002913,-0.185877,0.623518
10,-8,-0.797714,-1.208428,-1.031519,-0.00234,-0.238203,0.521868
10,-6,-0.798291,-0.905865,-1.111145,-0.001708,-0.331593,0.410892
10,-4,-0.799033,-0.608447,-1.178281,-0.001223,-0.399209,0.281537
10,-2,-0.798177,-0.382597,-1.169467,-0.000896,-0.399693,0.202093
10,0,-0.797004,-0.248911,-1.145259,-0.000646,-0.383158,0.190451
10,2,-0.795944,-0.139566,-1.149393,-0.000432,-0.386698,0.194894
10,4,-0.795328,0.04635,-1.156711,-0.00024,-0.390717,0.13943
10,6,-0.794938,0.351672,-1.10422,-0.000065,-0.342597,-0.003616
10,8,-0.793983,0.774847,-0.955704,0.000141,-0.215683,-0.22007
10,10,-0.79175,1.193087,-0.860651,0.000376,-0.111498,-0.394655
-10,-10,-0.766721,-1.676585,1.465241,0.002884,0.400455,0.609178
-10,-8,-0.764043,-1.327837,1.42415,0.002153,0.407321,0.510787
-10,-6,-0.761949,-0.896748,1.466561,0.001621,0.482333,0.33657
-10,-4,-0.760709,-0.576325,1.410453,0.001256,0.485903,0.225815
-10,-2,-0.759262,-0.374106,1.332768,0.000974,0.452453,0.181802
-10,0,-0.759115,-0.257859,1.288286,0.000715,0.428797,0.19041
-10,2,-0.759355,-0.121881,1.297132,0.000479,0.438042,0.179581
-10,4,-0.759906,0.149811,1.297685,0.00028,0.431858,0.071968
-10,6,-0.761156,0.593536,1.2139,0.000041,0.352814,-0.144047
-10,8,-0.763416,1.030423,1.198499,-0.000304,0.307024,-0.317196
-10,10,-0.765561,1.423551,1.386488,-0.000339,0.404133,-0.428767
-8,-10,-0.765668,-1.421469,1.031968,0.002308,0.262875,0.460907
-8,-8,-0.762646,-1.045424,0.932764,0.001973,0.239246,0.349128
-8,-6,-0.759021,-0.73833,0.886141,0.001518,0.248783,0.257354
-8,-4,-0.755432,-0.481808,0.903186,0.001028,0.285699,0.172403
-8,-2,-0.753586,-0.268603,0.896045,0.0007,0.290509,0.106567
-8,0,-0.752963,-0.124848,0.879121,0.000472,0.27937,0.088842
-8,2,-0.753629,-0.000426,0.88474,0.000284,0.282503,0.083807
-8,4,-0.754993,0.196286,0.8906,0.000129,0.28223,0.025768
-8,6,-0.757424,0.519859,0.831417,-0.000039,0.22616,-0.117032
-8,8,-0.760589,0.905049,0.791125,-0.000231,0.171576,-0.272699
-8,10,-0.763792,1.288497,0.948099,-0.000298,0.245958,-0.38237
-6,-10,-0.764448,-1.217156,0.697197,0.001649,0.174019,0.353937
-6,-8,-0.760786,-0.851564,0.589655,0.00146,0.13773,0.247293
-6,-6,-0.75475,-0.593523,0.538334,0.001199,0.123987,0.175016
-6,-4,-0.747991,-0.38485,0.522082,0.000868,0.126995,0.116999
-6,-2,-0.743021,-0.206757,0.537738,0.00053,0.145957,0.06862
-6,0,-0.742918,-0.054226,0.548713,0.000307,0.153958,0.035728
-6,2,-0.744885,0.077212,0.560071,0.000155,0.160174,0.020198
-6,4,-0.748069,0.244381,0.566576,0.000038,0.160898,-0.019913
-6,6,-0.752368,0.492523,0.531079,-0.000078,0.125498,-0.112896
-6,8,-0.757146,0.791555,0.517036,-0.000161,0.099946,-0.221339
-6,10,-0.761131,1.198973,0.53193,-0.00028,0.081178,-0.363982
-4,-10,-0.763121,-1.068891,0.427982,0.001028,0.108573,0.285135
-4,-8,-0.757369,-0.733195,0.362515,0.000911,0.083819,0.184066
-4,-6,-0.749267,-0.491085,0.319036,0.000757,0.065348,0.11475
-4,-4,-0.739931,-0.302445,0.294863,0.000581,0.055844,0.065757
-4,-2,-0.73073,-0.14964,0.29239,0.000382,0.058855,0.03264
-4,0,-0.727709,-0.015406,0.30483,0.000193,0.069268,0.00839
-4,2,-0.732468,0.113281,0.315702,0.000072,0.075428,-0.010356
-4,4,-0.739329,0.264989,0.318676,-0.000013,0.074544,-0.042567
-4,6,-0.745826,0.468266,0.304682,-0.000082,0.058094,-0.105111
-4,8,-0.752572,0.732286,0.27897,-0.000153,0.028358,-0.1946
-4,10,-0.75809,1.110181,0.200175,-0.000332,-0.042194,-0.331315
-2,-10,-0.761981,-0.994903,0.206723,0.000478,0.054289,0.254036
-2,-8,-0.754713,-0.677558,0.176943,0.000413,0.04278,0.156252
-2,-6,-0.744797,-0.442518,0.15054,0.000337,0.029417,0.087509
-2,-4,-0.732029,-0.265328,0.136544,0.000259,0.023132,0.044374
-2,-2,-0.720062,-0.12387,0.132565,0.000175,0.022833,0.017628
-2,0,-0.714713,0.002496,0.134885,0.000086,0.025445,-0.003414
-2,2,-0.719757,0.127237,0.139162,0.000015,0.027809,-0.022737
-2,4,-0.729273,0.269223,0.138475,-0.000037,0.025471,-0.049929
-2,6,-0.739922,0.451508,0.123232,-0.000097,0.01127,-0.097648
-2,8,-0.749398,0.698496,0.065491,-0.000227,-0.03482,-0.176417
-2,10,-0.757141,1.030457,-0.008966,-0.000462,-0.091448,-0.286194
0,-10,-0.761668,-0.975194,0.003793,-0.000027,0.00328,0.246423
0,-8,-0.753997,-0.663623,0.000832,-0.000021,0.000978,0.150158
0,-6,-0.74342,-0.431119,-0.000669,-0.000017,-0.000288,0.081937
0,-4,-0.728806,-0.257916,-0.000811,-0.000013,-0.000459,0.041228
0,-2,-0.714945,-0.119024,-0.000356,-0.000009,-0.000051,0.015658
0,0,-0.705702,0.005412,-0.000394,-0.000006,0.000047,-0.0049
0,2,-0.714017,0.129581,-0.001408,-0.000005,-0.000509,-0.025127
0,4,-0.726421,0.268156,-0.004627,-0.000006,-0.002733,-0.050433
0,6,-0.740836,0.440391,-0.01094,-0.000015,-0.00741,-0.090581
0,8,-0.751499,0.670506,-0.021229,-0.00003,-0.015103,-0.157563
0,10,-0.759568,0.979565,-0.02657,-0.00003,-0.018689,-0.253149
2,-10,-0.761947,-0.996856,-0.201994,-0.000528,-0.049987,0.255276
2,-8,-0.754521,-0.678682,-0.176996,-0.000454,-0.042318,0.157061
2,-6,-0.744381,-0.443488,-0.152095,-0.000372,-0.030285,0.088348
2,-4,-0.731414,-0.265972,-0.13802,-0.000285,-0.024,0.044995
2,-2,-0.719459,-0.124327,-0.133765,-0.000192,-0.023429,0.018042
2,0,-0.714323,0.001886,-0.135517,-0.000094,-0.025344,-0.002885
2,2,-0.719688,0.126214,-0.14049,-0.00002,-0.0277,-0.021866
2,4,-0.729338,0.267409,-0.145317,0.000033,-0.028992,-0.048588
2,6,-0.740131,0.447828,-0.140158,0.000096,-0.022094,-0.094944
2,8,-0.749657,0.692104,-0.0943,0.000242,0.01528,-0.171712
2,10,-0.757178,1.023773,-0.018957,0.000499,0.072857,-0.281808
4,-10,-0.762972,-1.070232,-0.430288,-0.001088,-0.109991,0.285957
4,-8,-0.757215,-0.733294,-0.365646,-0.000956,-0.086029,0.184218
4,-6,-0.749195,-0.49092,-0.321904,-0.000792,-0.067423,0.11471
4,-4,-0.73997,-0.302421,-0.297055,-0.000605,-0.057398,0.065842
4,-2,-0.730825,-0.150146,-0.293388,-0.000393,-0.059444,0.033187
4,0,-0.727757,-0.015963,-0.303529,-0.000196,-0.067778,0.009077
4,2,-0.73244,0.113541,-0.313319,-0.000074,-0.072454,-0.010253
4,4,-0.739392,0.264148,-0.320383,0.000012,-0.073929,-0.041718
4,6,-0.745986,0.46275,-0.320095,0.000081,-0.067264,-0.100794
4,8,-0.752648,0.723184,-0.303675,0.000155,-0.044164,-0.188021
4,10,-0.757867,1.092994,-0.238391,0.000332,0.018287,-0.320125
6,-10,-0.764631,-1.21657,-0.704508,-0.001708,-0.179353,0.353315
6,-8,-0.761069,-0.848182,-0.59674,-0.0015,-0.143404,0.244939
6,-6,-0.755136,-0.590685,-0.542996,-0.001223,-0.127916,0.172986
6,-4,-0.748548,-0.382582,-0.524226,-0.000882,-0.129024,0.115492
6,-2,-0.743534,-0.206698,-0.534594,-0.000533,-0.143896,0.069213
6,0,-0.743079,-0.054676,-0.541998,-0.000304,-0.148586,0.036579
6,2,-0.744734,0.081538,-0.551079,-0.000152,-0.152008,0.017384
6,4,-0.748223,0.250775,-0.559256,-0.000033,-0.152805,-0.024194
6,6,-0.752642,0.484981,-0.546984,0.000079,-0.133908,-0.106078
6,8,-0.757382,0.773439,-0.555447,0.00014,-0.124443,-0.206822
6,10,-0.761065,1.177604,-0.562753,0.000251,-0.099819,-0.350369
8,-10,-0.766178,-1.42013,-1.041191,-0.002351,-0.270402,0.459592
8,-8,-0.763145,-1.039238,-0.94072,-0.001989,-0.246647,0.344518
8,-6,-0.759694,-0.735616,-0.886589,-0.001522,-0.251002,0.255764
8,-4,-0.756408,-0.483231,-0.898092,-0.001033,-0.283441,0.17472
8,-2,-0.754596,-0.268187,-0.885283,-0.000701,-0.283586,0.107299
8,0,-0.753579,-0.121837,-0.863593,-0.000463,-0.268012,0.087029
8,2,-0.75368,0.014638,-0.867459,-0.000271,-0.267547,0.073224
8,4,-0.755108,0.217165,-0.871787,-0.000104,-0.264342,0.011275
8,6,-0.757427,0.520448,-0.835976,0.000067,-0.223071,-0.116091
8,8,-0.760817,0.858376,-0.870058,0.000171,-0.222983,-0.235239
8,10,-0.763777,1.278666,-0.974224,0.000251,-0.259623,-0.375278
10,-10,-0.767284,-1.669344,-1.4728,-0.002896,-0.411177,0.60392
10,-8,-0.764926,-1.323724,-1.421295,-0.002154,-0.411335,0.510235
10,-6,-0.763565,-0.904908,-1.457301,-0.001616,-0.479071,0.343953
10,-4,-0.762594,-0.579252,-1.399498,-0.001255,-0.479738,0.228771
10,-2,-0.761436,-0.370764,-1.314871,-0.000959,-0.440783,0.178917
10,0,-0.760544,-0.244461,-1.268141,-0.000695,-0.413474,0.180495
10,2,-0.759909,-0.092248,-1.27235,-0.00045,-0.41593,0.158957
10,4,-0.760078,0.185165,-1.270736,-0.000223,-0.406019,0.047472
10,6,-0.760569,0.60723,-1.208605,0.00002,-0.33881,-0.152698
10,8,-0.762641,0.991561,-1.251775,0.000259,-0.334614,-0.289333
10,10,-0.765084,1.394096,-1.437004,0.000264,-0.431365,-0.40989
-10,-10,-0.632427,-1.712335,1.948266,0.002885,0.794379,0.64393
-10,-8,-0.627159,-1.332205,1.780421,0.002475,0.690051,0.508147
-10,-6,-0.6242,-1.055928,1.649159,0.001788,0.608796,0.431401
-10,-4,-0.621429,-0.708893,1.595685,0.001376,0.584531,0.291582
-10,-2,-0.619336,-0.449975,1.530855,0.001065,0.553116,0.218824
-10,0,-0.618808,-0.231863,1.481624,0.000822,0.529211,0.165227
-10,2,-0.618897,0.022033,1.461994,0.000581,0.518606,0.078333
-10,4,-0.619504,0.423949,1.431756,0.00026,0.488079,-0.113618
-10,6,-0.621513,0.88648,1.481673,-0.00016,0.509798,-0.328651
-10,8,-0.6273,1.302467,1.670844,-0.000102,0.631293,-0.493699
-10,10,-0.633264,1.806364,1.844182,-0.000089,0.741794,-0.717152
-8,-10,-0.628312,-1.595758,1.401755,0.002046,0.540109,0.57852
-8,-8,-0.622001,-1.147452,1.208469,0.001999,0.420067,0.39231
-8,-6,-0.617784,-0.855154,1.091639,0.001474,0.359318,0.312152
-8,-4,-0.615419,-0.544166,1.067237,0.001062,0.363211,0.191963
-8,-2,-0.613658,-0.298467,1.017877,0.000762,0.345533,0.11696
-8,0,-0.61302,-0.130539,0.975492,0.000544,0.322951,0.089629
-8,2,-0.613417,0.042885,0.975962,0.000339,0.321514,0.053761
-8,4,-0.614267,0.320154,0.974509,0.000126,0.309086,-0.053022
-8,6,-0.617301,0.668458,1.039411,-0.000072,0.336234,-0.186802
-8,8,-0.62229,1.147153,1.148855,-0.000098,0.39054,-0.397541
-8,10,-0.628073,1.693143,1.281453,-0.000183,0.473028,-0.652405
-6,-10,-0.624603,-1.468941,0.935214,0.0014,0.33306,0.505169
-6,-8,-0.618642,-1.01223,0.766646,0.001356,0.233973,0.319374
-6,-6,-0.61364,-0.676052,0.666915,0.001167,0.191363,0.207281
-6,-4,-0.609255,-0.422459,0.617905,0.000828,0.181213,0.131579
-6,-2,-0.606779,-0.208938,0.608782,0.000522,0.185531,0.063233
-6,0,-0.60618,-0.046837,0.592807,0.000321,0.175759,0.028576
-6,2,-0.607273,0.097352,0.598499,0.000163,0.176989,0.007137
-6,4,-0.609552,0.292789,0.612855,0.00002,0.178868,-0.047552
-6,6,-0.613609,0.57468,0.673634,-0.000068,0.208615,-0.143262
-6,8,-0.618391,1.010133,0.709001,-0.000179,0.204098,-0.324792
-6,10,-0.623045,1.533043,0.815695,-0.000286,0.261111,-0.558268
-4,-10,-0.621721,-1.348528,0.559229,0.000853,0.183067,0.436811
-4,-8,-0.615964,-0.896912,0.458262,0.000809,0.131946,0.260726
-4,-6,-0.610374,-0.558595,0.379126,0.000712,0.098557,0.146742
-4,-4,-0.60337,-0.328793,0.332343,0.000558,0.078199,0.078708
-4,-2,-0.596503,-0.157269,0.315515,0.000356,0.072995,0.036015
-4,0,-0.594877,-0.014622,0.319862,0.000177,0.077552,0.007257
-4,2,-0.598306,0.122556,0.328839,0.000064,0.081555,-0.016035
-4,4,-0.603316,0.290134,0.34651,-0.000025,0.089931,-0.055515
-4,6,-0.6093,0.524989,0.381297,-0.00009,0.106069,-0.128842
-4,8,-0.614309,0.903744,0.380127,-0.000227,0.082045,-0.274344
-4,10,-0.619248,1.4003,0.426049,-0.000402,0.10095,-0.478976
-2,-10,-0.620186,-1.26865,0.262147,0.000385,0.081637,0.393422
-2,-8,-0.614394,-0.822807,0.213143,0.000356,0.059664,0.226542
-2,-6,-0.607374,-0.501393,0.175089,0.000306,0.043761,0.118611
-2,-4,-0.59768,-0.285123,0.148045,0.000241,0.030123,0.055337
-2,-2,-0.587867,-0.128173,0.136161,0.000162,0.024782,0.019854
-2,0,-0.583448,0.000848,0.136439,0.000075,0.026236,-0.002122
-2,2,-0.588178,0.128509,0.141578,0.000009,0.028761,-0.022641
-2,4,-0.596154,0.28555,0.148443,-0.000043,0.031346,-0.058318
-2,6,-0.604774,0.507571,0.145273,-0.000127,0.024141,-0.126608
-2,8,-0.611355,0.844347,0.103971,-0.000342,-0.013871,-0.247495
-2,10,-0.617455,1.306576,0.125455,-0.000536,-0.005018,-0.424553
0,-10,-0.619993,-1.244195,0.000344,-0.000032,0.000081,0.380996
0,-8,-0.614273,-0.799289,-0.000094,-0.000023,-0.000001,0.216302
0,-6,-0.606495,-0.486889,-0.000478,-0.000016,-0.0002,0.112183
0,-4,-0.595395,-0.274788,-0.000606,-0.000011,-0.000318,0.050669
0,-2,-0.583569,-0.122257,-0.000179,-0.000007,0.000065,0.017523
0,0,-0.576258,0.003666,-0.000271,-0.000005,0.00013,-0.003421
0,2,-0.583184,0.129643,-0.001614,-0.000003,-0.000643,-0.024395
0,4,-0.594034,0.281887,-0.006337,-0.000007,-0.004024,-0.057421
0,6,-0.605066,0.494233,-0.015497,-0.000026,-0.010947,-0.119654
0,8,-0.612941,0.80342,-0.021895,-0.000028,-0.015154,-0.223141
0,10,-0.618761,1.251558,-0.014806,-0.000005,-0.009602,-0.390958
2,-10,-0.620093,-1.268366,-0.262242,-0.000443,-0.082139,0.392769
2,-8,-0.614207,-0.824425,-0.214482,-0.000399,-0.060617,0.227081
2,-6,-0.607124,-0.5025,-0.176824,-0.000339,-0.044898,0.119195
2,-4,-0.597267,-0.28611,-0.149361,-0.000262,-0.030928,0.056093
2,-2,-0.587467,-0.128829,-0.137208,-0.000175,-0.025307,0.0204
2,0,-0.583212,0.000155,-0.136782,-0.000082,-0.025886,-0.001531
2,2,-0.588124,0.127506,-0.143262,-0.000014,-0.028824,-0.02182
2,4,-0.596224,0.283097,-0.158047,0.000042,-0.036798,-0.056548
2,6,-0.60489,0.502619,-0.167477,0.000138,-0.038833,-0.123084
2,8,-0.611435,0.835814,-0.136615,0.000346,-0.007859,-0.241652
2,10,-0.617181,1.302626,-0.139655,0.000569,-0.003477,-0.421854
4,-10,-0.621563,-1.346853,-0.566664,-0.000917,-0.189204,0.435263
4,-8,-0.615733,-0.896674,-0.462942,-0.000855,-0.135491,0.25998
4,-6,-0.610329,-0.558808,-0.382852,-0.00074,-0.101288,0.146559
4,-4,-0.603507,-0.329041,-0.334529,-0.000572,-0.079767,0.078777
4,-2,-0.596706,-0.158114,-0.315678,-0.000362,-0.072931,0.036737
4,0,-0.59498,-0.015471,-0.317662,-0.000183,-0.075324,0.00811
4,2,-0.598154,0.123092,-0.326372,-0.000071,-0.078458,-0.01626
4,4,-0.603375,0.28877,-0.353217,0.000019,-0.092829,-0.054274
4,6,-0.609486,0.5187,-0.399882,0.000088,-0.116593,-0.124122
4,8,-0.61449,0.894453,-0.402837,0.00023,-0.096313,-0.267971
4,10,-0.618883,1.393603,-0.442144,0.0004,-0.108533,-0.475297
6,-10,-0.624645,-1.46841,-0.943833,-0.001469,-0.339832,0.504715
6,-8,-0.618607,-1.009124,-0.775435,-0.001399,-0.240908,0.316924
6,-6,-0.613741,-0.674003,-0.672806,-0.001181,-0.196067,0.205692
6,-4,-0.609643,-0.421255,-0.617479,-0.000828,-0.181317,0.131082
6,-2,-0.607196,-0.210862,-0.60473,-0.00052,-0.182698,0.065287
6,0,-0.606559,-0.047011,-0.585249,-0.000325,-0.169754,0.02898
6,2,-0.6073,0.100608,-0.590026,-0.000171,-0.169176,0.004726
6,4,-0.60951,0.296813,-0.613685,-0.000025,-0.176667,-0.050076
6,6,-0.613941,0.562913,-0.701524,0.00004,-0.224897,-0.134308
6,8,-0.618351,0.994293,-0.729873,0.000169,-0.216437,-0.313751
6,10,-0.622801,1.537766,-0.812406,0.000294,-0.255192,-0.562884
8,-10,-0.628515,-1.598564,-1.410422,-0.002111,-0.547681,0.580673
8,-8,-0.622289,-1.144501,-1.221487,-0.001991,-0.431609,0.390479
8,-6,-0.618287,-0.848393,-1.095141,-0.00147,-0.363448,0.307992
8,-4,-0.616107,-0.547802,-1.064071,-0.00104,-0.361549,0.196193
8,-2,-0.614553,-0.296302,-1.010441,-0.000754,-0.339669,0.115879
8,0,-0.613905,-0.12422,-0.96275,-0.00053,-0.312739,0.084631
8,2,-0.613877,0.052331,-0.960874,-0.000322,-0.308616,0.046534
8,4,-0.614258,0.334273,-0.964748,-0.000099,-0.298211,-0.063578
8,6,-0.617142,0.661838,-1.051113,0.00004,-0.341676,-0.182745
8,8,-0.622216,1.126287,-1.170079,0.000065,-0.402605,-0.383232
8,10,-0.627751,1.684169,-1.28954,0.000179,-0.474076,-0.648297
10,-10,-0.632774,-1.720974,-1.956277,-0.002899,-0.803331,0.652843
10,-8,-0.628024,-1.331294,-1.787979,-0.002454,-0.698537,0.50953
10,-6,-0.625234,-1.053271,-1.649477,-0.00176,-0.610221,0.431126
10,-4,-0.622602,-0.705977,-1.589718,-0.00135,-0.579702,0.290477
10,-2,-0.620581,-0.445224,-1.518472,-0.001035,-0.54254,0.215136
10,0,-0.619986,-0.226102,-1.464336,-0.00077,-0.51463,0.159771
10,2,-0.619635,0.03574,-1.441669,-0.000515,-0.501083,0.067342
10,4,-0.619513,0.441237,-1.418712,-0.000177,-0.474559,-0.127671
10,6,-0.621487,0.881532,-1.489738,0.000118,-0.514501,-0.324565
10,8,-0.627141,1.27896,-1.693364,0.00004,-0.64345,-0.478594
10,10,-0.633165,1.797147,-1.853108,0.000061,-0.744465,-0.71244
-10,-10,-0.439007,-1.702908,1.919517,0.002348,0.850018,0.708219
-10,-8,-0.429904,-1.277211,1.80276,0.002266,0.779597,0.514451
-10,-6,-0.424925,-0.98242,1.68871,0.001848,0.708248,0.411934
-10,-4,-0.422225,-0.711069,1.612094,0.001392,0.662263,0.315553
-10,-2,-0.420656,-0.426543,1.565857,0.001083,0.636246,0.207187
-10,0,-0.420054,-0.161609,1.529004,0.000828,0.615458,0.11188
-10,2,-0.420174,0.146587,1.506497,0.000552,0.601001,-0.019444
-10,4,-0.42131,0.544625,1.50733,0.00015,0.598333,-0.214714
-10,6,-0.424864,0.954102,1.564687,-0.000096,0.632342,-0.406509
-10,8,-0.430663,1.364083,1.668486,-0.000162,0.697346,-0.588894
-10,10,-0.438423,1.800309,1.811774,-0.000098,0.789306,-0.784511
-8,-10,-0.432194,-1.629037,1.412367,0.001647,0.603996,0.669826
-8,-8,-0.42347,-1.172469,1.296775,0.001666,0.534694,0.452127
-8,-6,-0.417094,-0.838488,1.182989,0.001481,0.465075,0.320981
-8,-4,-0.41369,-0.581526,1.106955,0.001044,0.421231,0.234157
-8,-2,-0.411928,-0.329,1.058237,0.000748,0.394618,0.143254
-8,0,-0.41159,-0.116953,1.021143,0.00052,0.372918,0.080827
-8,2,-0.411825,0.116241,1.01274,0.000312,0.366428,-0.000395
-8,4,-0.412849,0.452604,1.027623,0.000031,0.371015,-0.15612
-8,6,-0.417266,0.810685,1.126918,-0.000057,0.43442,-0.310851
-8,8,-0.423968,1.221717,1.239575,-0.000055,0.504087,-0.495799
-8,10,-0.431524,1.682848,1.352164,-0.000082,0.574045,-0.712099
-6,-10,-0.42724,-1.54866,0.981258,0.001097,0.405452,0.62468
-6,-8,-0.418686,-1.089824,0.866394,0.001086,0.33536,0.407556
-6,-6,-0.411673,-0.713703,0.741854,0.00107,0.258758,0.244706
-6,-4,-0.40714,-0.449513,0.661257,0.000767,0.218696,0.155204
-6,-2,-0.405082,-0.229585,0.629135,0.000486,0.207577,0.079927
-6,0,-0.405014,-0.051222,0.608047,0.000292,0.195082,0.031424
-6,2,-0.405879,0.118541,0.61046,0.000143,0.19355,-0.010219
-6,4,-0.407524,0.352734,0.635737,0.000006,0.20249,-0.092153
-6,6,-0.411679,0.684017,0.743446,-0.000038,0.268038,-0.229742
-6,8,-0.418039,1.123422,0.819909,-0.000102,0.309869,-0.438032
-6,10,-0.425525,1.593088,0.912254,-0.000158,0.365579,-0.66077
-4,-10,-0.423494,-1.469962,0.612545,0.00066,0.244953,0.578233
-4,-8,-0.414754,-0.996046,0.517935,0.000645,0.187075,0.352812
-4,-6,-0.408322,-0.60566,0.417435,0.00062,0.129016,0.183972
-4,-4,-0.402137,-0.341618,0.348669,0.000503,0.094714,0.091693
-4,-2,-0.396331,-0.162576,0.322717,0.000308,0.084003,0.04218
-4,0,-0.395402,-0.016654,0.32202,0.000147,0.085108,0.008677
-4,2,-0.39824,0.127922,0.329369,0.00005,0.087689,-0.022385
-4,4,-0.402199,0.311064,0.355465,-0.000021,0.101412,-0.074048
-4,6,-0.407151,0.589571,0.412553,-0.000074,0.130971,-0.176543
-4,8,-0.412813,1.021496,0.465803,-0.000174,0.154515,-0.377334
-4,10,-0.420855,1.506483,0.532494,-0.000245,0.195246,-0.608734
-2,-10,-0.421399,-1.412372,0.291655,0.000294,0.113348,0.5439
-2,-8,-0.412535,-0.919488,0.2367,0.000281,0.079642,0.30714
-2,-6,-0.405795,-0.535875,0.187401,0.000263,0.054301,0.147779
-2,-4,-0.39764,-0.29297,0.15242,0.000213,0.035947,0.065676
-2,-2,-0.389502,-0.129014,0.136018,0.000141,0.027824,0.023248
-2,0,-0.385663,-0.00046,0.134336,0.000061,0.027945,-0.001054
-2,2,-0.389825,0.128037,0.140002,0.000007,0.030776,-0.024953
-2,4,-0.396282,0.294253,0.150254,-0.000033,0.035243,-0.069114
-2,6,-0.403317,0.543358,0.158192,-0.000108,0.03501,-0.156379
-2,8,-0.4096,0.944942,0.159812,-0.000286,0.028113,-0.329592
-2,10,-0.41825,1.439666,0.202582,-0.000388,0.057512,-0.566563
0,-10,-0.421197,-1.391184,0.000119,-0.000028,0.000219,0.531227
0,-8,-0.412439,-0.891072,-0.000662,-0.000022,-0.000496,0.290515
0,-6,-0.405281,-0.516132,-0.000105,-0.000014,-0.000058,0.138213
0,-4,-0.396157,-0.280913,-0.000229,-0.000007,-0.000102,0.059939
0,-2,-0.38616,-0.122208,-0.000129,-0.000004,0.000036,0.020367
0,0,-0.379733,0.002175,-0.00016,-0.000003,0.000115,-0.002159
0,2,-0.385504,0.127472,-0.001211,-0.000002,-0.000509,-0.025599
0,4,-0.394734,0.286509,-0.004759,-0.000005,-0.003108,-0.0656
0,6,-0.403738,0.522195,-0.011718,-0.000026,-0.008434,-0.144974
0,8,-0.411146,0.897616,-0.01364,-0.000029,-0.00973,-0.298822
0,10,-0.41909,1.397664,-0.008946,-0.000017,-0.006129,-0.539521
2,-10,-0.421428,-1.412938,-0.291089,-0.000341,-0.112817,0.544264
2,-8,-0.412449,-0.919405,-0.238232,-0.000321,-0.080832,0.306906
2,-6,-0.405696,-0.536765,-0.188728,-0.000289,-0.055368,0.148128
2,-4,-0.397491,-0.294064,-0.153159,-0.000228,-0.036437,0.066417
2,-2,-0.389355,-0.129805,-0.13663,-0.000147,-0.02813,0.023877
2,0,-0.385612,-0.001023,-0.134333,-0.000065,-0.027521,-0.000578
2,2,-0.389856,0.127337,-0.141048,-0.00001,-0.030707,-0.024415
2,4,-0.396331,0.292071,-0.15768,0.000034,-0.039632,-0.067609
2,6,-0.403306,0.539502,-0.173331,0.000118,-0.045255,-0.15376
2,8,-0.409502,0.940138,-0.177109,0.00029,-0.039732,-0.326221
2,10,-0.417979,1.43803,-0.212235,0.000398,-0.063635,-0.56541
4,-10,-0.423473,-1.470534,-0.61449,-0.000707,-0.246519,0.578616
4,-8,-0.414685,-0.996347,-0.520959,-0.000684,-0.189464,0.353016
4,-6,-0.408305,-0.605774,-0.420487,-0.000644,-0.131452,0.183873
4,-4,-0.402314,-0.342204,-0.350375,-0.00051,-0.096088,0.09207
4,-2,-0.396638,-0.163287,-0.322184,-0.000308,-0.08347,0.042854
4,0,-0.395621,-0.01671,-0.319757,-0.000149,-0.082956,0.008891
4,2,-0.398259,0.129289,-0.326949,-0.000055,-0.084993,-0.02334
4,4,-0.402351,0.31026,-0.359966,0.000017,-0.103351,-0.073515
4,6,-0.407204,0.583896,-0.422006,0.000076,-0.136386,-0.172992
4,8,-0.412885,1.01961,-0.471803,0.000188,-0.157809,-0.376388
4,10,-0.420495,1.50492,-0.539417,0.000247,-0.198597,-0.607914
6,-10,-0.427375,-1.54937,-0.98499,-0.001143,-0.408559,0.625207
6,-8,-0.418829,-1.09098,-0.871163,-0.001121,-0.339321,0.408593
6,-6,-0.411847,-0.714935,-0.746297,-0.00107,-0.262681,0.246149
6,-4,-0.407588,-0.44905,-0.660643,-0.000757,-0.218476,0.155486
6,-2,-0.405523,-0.230615,-0.625649,-0.000476,-0.204879,0.081302
6,0,-0.405356,-0.048711,-0.60205,-0.000288,-0.189886,0.029715
6,2,-0.406001,0.124156,-0.603066,-0.00014,-0.186982,-0.014457
6,4,-0.407729,0.356366,-0.636774,-0.000012,-0.202148,-0.094478
6,6,-0.411886,0.680358,-0.746662,0.00003,-0.268997,-0.227399
6,8,-0.417962,1.119704,-0.824109,0.000107,-0.311195,-0.436073
6,10,-0.425256,1.595005,-0.911139,0.000165,-0.363173,-0.662753
8,-10,-0.432586,-1.633075,-1.416504,-0.00168,-0.607843,0.673218
8,-8,-0.423949,-1.17825,-1.300951,-0.001674,-0.538575,0.45754
8,-6,-0.417727,-0.838878,-1.186025,-0.001458,-0.468238,0.322674
8,-4,-0.414425,-0.582403,-1.104517,-0.001019,-0.419423,0.236109
8,-2,-0.412699,-0.327445,-1.052587,-0.000724,-0.389507,0.142448
8,0,-0.412184,-0.112608,-1.012196,-0.000496,-0.365007,0.077101
8,2,-0.412163,0.124573,-1.002477,-0.000279,-0.357412,-0.007345
8,4,-0.413176,0.456607,-1.027739,-0.000015,-0.370204,-0.15906
8,6,-0.41751,0.80898,-1.129728,0.000038,-0.435839,-0.309416
8,8,-0.423991,1.21384,-1.247742,0.00003,-0.507896,-0.491026
8,10,-0.431366,1.683128,-1.352238,0.000073,-0.572028,-0.7134
10,-10,-0.438542,-1.70997,-1.922736,-0.002367,-0.852787,0.714807
10,-8,-0.430713,-1.283591,-1.807173,-0.002274,-0.783624,0.521974
10,-6,-0.42593,-0.984326,-1.690189,-0.001818,-0.709704,0.415535
10,-4,-0.423229,-0.711138,-1.60868,-0.001352,-0.659159,0.316816
10,-2,-0.421567,-0.425535,-1.557016,-0.001042,-0.628525,0.206685
10,0,-0.420759,-0.15788,-1.517169,-0.000773,-0.605202,0.108327
10,2,-0.420521,0.157936,-1.494159,-0.000477,-0.59002,-0.029074
10,4,-0.421622,0.549838,-1.50347,-0.000101,-0.594151,-0.21998
10,6,-0.425,0.959074,-1.561712,0.000101,-0.629435,-0.410156
10,8,-0.430713,1.357196,-1.676441,0.000104,-0.702016,-0.584377
10,10,-0.438434,1.795577,-1.817747,0.000062,-0.791027,-0.783048
-10,-10,0.748568,-1.548878,1.715807,0.001712,0.799065,0.688742
-10,-8,0.768613,-1.157327,1.590602,0.001501,0.728018,0.504606
-10,-6,0.784995,-0.840863,1.47669,0.001249,0.662111,0.365135
-10,-4,0.792647,-0.582268,1.393556,0.000977,0.612258,0.260073
-10,-2,0.796357,-0.330957,1.339285,0.000735,0.580008,0.156448
-10,0,0.79844,-0.070674,1.304647,0.000497,0.557942,0.044394
-10,2,0.796605,0.212152,1.295347,0.000282,0.550972,-0.083427
-10,4,0.792104,0.511791,1.324643,0.000095,0.5688,-0.22017
-10,6,0.783937,0.832026,1.389904,-0.000008,0.608152,-0.368163
-10,8,0.76782,1.196727,1.492504,-0.000044,0.668137,-0.540873
-10,10,0.752588,1.60723,1.615214,-0.000043,0.741169,-0.740728
-8,-10,0.767332,-1.444566,1.253486,0.001228,0.568253,0.631387
-8,-8,0.787831,-1.044678,1.14936,0.001108,0.509355,0.437599
-8,-6,0.801377,-0.730945,1.056666,0.000944,0.454267,0.296741
-8,-4,0.809711,-0.492605,0.980199,0.000704,0.407646,0.203982
-8,-2,0.813487,-0.270486,0.933102,0.000492,0.379495,0.117711
-8,0,0.815612,-0.045613,0.902086,0.000309,0.359364,0.027821
-8,2,0.813486,0.195099,0.894847,0.00014,0.354123,-0.072894
-8,4,0.809208,0.46189,0.921924,-0.000005,0.37079,-0.190045
-8,6,0.800509,0.748414,0.992478,-0.000031,0.414424,-0.317083
-8,8,0.787713,1.082018,1.089134,-0.000013,0.472996,-0.472201
-8,10,0.767547,1.488785,1.201073,-0.000009,0.538532,-0.669792
-6,-10,0.782344,-1.3632,0.865462,0.000797,0.381739,0.587815
-6,-8,0.799187,-0.971484,0.780176,0.000721,0.331532,0.396604
-6,-6,0.813031,-0.648749,0.701032,0.000647,0.284086,0.247302
-6,-4,0.823026,-0.410413,0.631559,0.000488,0.24137,0.152805
-6,-2,0.827128,-0.215496,0.591655,0.000293,0.217648,0.082866
-6,0,0.828852,-0.026571,0.567857,0.000165,0.202605,0.015528
-6,2,0.826849,0.173505,0.562266,0.000042,0.198254,-0.059348
-6,4,0.822857,0.397482,0.596678,-0.000015,0.220609,-0.148616
-6,6,0.813377,0.662085,0.670918,-0.000005,0.266919,-0.262635
-6,8,0.800145,0.98981,0.752442,-0.000006,0.316029,-0.415448
-6,10,0.783755,1.385463,0.835241,-0.000019,0.365346,-0.608955
-4,-10,0.790782,-1.300352,0.543174,0.000463,0.234198,0.551671
-4,-8,0.807587,-0.911869,0.478608,0.000413,0.195628,0.362605
-4,-6,0.821479,-0.589806,0.413947,0.000369,0.155966,0.21314
-4,-4,0.831575,-0.343439,0.358369,0.000303,0.122028,0.111295
-4,-2,0.839443,-0.166178,0.324553,0.000163,0.102029,0.05241
-4,0,0.841833,-0.014894,0.310077,0.000068,0.09333,0.008246
-4,2,0.838527,0.147044,0.309308,0.000008,0.092396,-0.042532
-4,4,0.83198,0.341866,0.345612,-0.000007,0.115648,-0.113844
-4,6,0.822543,0.59304,0.402583,-0.000011,0.150287,-0.219565
-4,8,0.809577,0.920016,0.460729,-0.000037,0.185475,-0.37288
-4,10,0.793022,1.311367,0.523826,-0.00005,0.223834,-0.56387
-2,-10,0.797062,-1.256937,0.262032,0.000203,0.111421,0.525633
-2,-8,0.812879,-0.869177,0.226442,0.000177,0.090012,0.33734
-2,-6,0.826257,-0.548019,0.19017,0.000155,0.067839,0.18868
-2,-4,0.837925,-0.306004,0.156235,0.000125,0.04692,0.089571
-2,-2,0.848486,-0.127951,0.129499,0.000076,0.030674,0.028713
-2,0,0.850146,-0.003508,0.121904,0.000024,0.026836,0.000951
-2,2,0.847757,0.12286,0.127892,-0.000003,0.030275,-0.027863
-2,4,0.838883,0.303674,0.150985,-0.000016,0.044034,-0.090257
-2,6,0.828316,0.551739,0.178396,-0.00005,0.060619,-0.194462
-2,8,0.815731,0.873643,0.211045,-0.00007,0.080801,-0.344159
-2,10,0.798671,1.263596,0.249318,-0.000072,0.104805,-0.534558
0,-10,0.80109,-1.239814,-0.000438,-0.000021,-0.000439,0.51485
0,-8,0.816475,-0.851555,-0.000488,-0.000015,-0.000381,0.326248
0,-6,0.829197,-0.531723,-0.000109,-0.00001,-0.000092,0.178915
0,-4,0.841608,-0.289531,-0.000008,-0.000005,-0.00005,0.079497
0,-2,0.85068,-0.115769,-0.000147,-0.000001,-0.000135,0.022094
0,0,0.851262,-0.001209,0.000057,0,0.000018,-0.000174
0,2,0.849477,0.114536,0.000035,-0.000001,0.000011,-0.0234
0,4,0.840647,0.288587,-0.00022,-0.000004,-0.00023,-0.081137
0,6,0.829539,0.534344,-0.000896,-0.000008,-0.000715,-0.183664
0,8,0.817043,0.854501,-0.001901,-0.000012,-0.001375,-0.33211
0,10,0.800128,1.246159,-0.001776,-0.000013,-0.001267,-0.523908
2,-10,0.796004,-1.256934,-0.263085,-0.000241,-0.112452,0.525789
2,-8,0.811969,-0.869325,-0.227773,-0.000203,-0.091113,0.337505
2,-6,0.826184,-0.548275,-0.190981,-0.00017,-0.06852,0.188869
2,-4,0.837853,-0.306557,-0.156302,-0.00013,-0.047046,0.08992
2,-2,0.847955,-0.128356,-0.129564,-0.000076,-0.030835,0.029127
2,0,0.849777,-0.003539,-0.121385,-0.000023,-0.026458,0.00103
2,2,0.847497,0.122856,-0.127661,0.000003,-0.030024,-0.027908
2,4,0.838737,0.303804,-0.151138,0.000018,-0.04414,-0.090424
2,6,0.828476,0.552009,-0.178921,0.000052,-0.060945,-0.194683
2,8,0.815837,0.874067,-0.211333,0.000072,-0.081021,-0.344422
2,10,0.798716,1.263728,-0.251007,0.00007,-0.106178,-0.534556
4,-10,0.790705,-1.300726,-0.545528,-0.000489,-0.236321,0.552119
4,-8,0.807479,-0.912484,-0.480754,-0.000428,-0.197517,0.363139
4,-6,0.821159,-0.590872,-0.415448,-0.000377,-0.157286,0.214045
4,-4,0.831271,-0.344753,-0.358713,-0.000298,-0.122388,0.11256
4,-2,0.839033,-0.166344,-0.32341,-0.000158,-0.101157,0.052864
4,0,0.841284,-0.014338,-0.308589,-0.000064,-0.092005,0.007859
4,2,0.838276,0.147366,-0.309095,-0.000008,-0.091948,-0.042941
4,4,0.831895,0.34155,-0.34622,0.000004,-0.115923,-0.113648
4,6,0.822579,0.593883,-0.401218,0.000015,-0.149145,-0.220194
4,8,0.809699,0.920449,-0.460889,0.000039,-0.185411,-0.373221
4,10,0.793183,1.311527,-0.525063,0.000048,-0.224631,-0.563931
6,-10,0.781392,-1.365385,-0.867948,-0.000811,-0.384099,0.589699
6,-8,0.798734,-0.973931,-0.78215,-0.000724,-0.333411,0.398834
6,-6,0.812924,-0.651232,-0.701841,-0.000641,-0.284881,0.249798
6,-4,0.822864,-0.411767,-0.631094,-0.000472,-0.24102,0.154645
6,-2,0.826894,-0.215237,-0.589723,-0.00028,-0.215947,0.083088
6,0,0.828597,-0.025221,-0.565374,-0.000152,-0.200254,0.014477
6,2,0.826878,0.17481,-0.560739,-0.000034,-0.196677,-0.060551
6,4,0.822757,0.39595,-0.598909,0.000006,-0.221966,-0.147634
6,6,0.813229,0.662637,-0.670989,0.000001,-0.26675,-0.263005
6,8,0.800201,0.991539,-0.750562,0.000007,-0.314482,-0.416693
6,10,0.783918,1.386398,-0.834856,0.00002,-0.364739,-0.609706
8,-10,0.766573,-1.449002,-1.254859,-0.001227,-0.569926,0.635556
8,-8,0.787543,-1.048561,-1.150065,-0.001103,-0.510179,0.441574
8,-6,0.801201,-0.73427,-1.056715,-0.00093,-0.454263,0.300676
8,-4,0.809449,-0.494071,-0.978873,-0.00068,-0.406419,0.206157
8,-2,0.813273,-0.269835,-0.93003,-0.000467,-0.376707,0.1177
8,0,0.815237,-0.043872,-0.899224,-0.000286,-0.356677,0.026615
8,2,0.813506,0.198754,-0.892115,-0.000115,-0.351498,-0.075841
8,4,0.809141,0.46168,-0.922279,0.000006,-0.370667,-0.190166
8,6,0.800456,0.746174,-0.995407,0.000017,-0.41623,-0.315601
8,8,0.787636,1.081559,-1.090533,0.000009,-0.473934,-0.471726
8,10,0.767561,1.48881,-1.202046,0.000006,-0.539234,-0.669621
10,-10,0.756914,-1.543322,-1.70699,-0.001713,-0.797288,0.690666
10,-8,0.772556,-1.157928,-1.584552,-0.001483,-0.725924,0.508503
10,-6,0.784594,-0.844999,-1.475686,-0.001223,-0.661087,0.370217
10,-4,0.792206,-0.584172,-1.39114,-0.00094,-0.610083,0.262877
10,-2,0.796145,-0.330012,-1.335024,-0.000696,-0.576228,0.156377
10,0,0.798003,-0.066925,-1.300588,-0.000465,-0.55423,0.041763
10,2,0.796538,0.217057,-1.292456,-0.000246,-0.548114,-0.08735
10,4,0.792051,0.514047,-1.322948,-0.000072,-0.566941,-0.222341
10,6,0.783946,0.832656,-1.389666,0.000016,-0.607448,-0.369134
10,8,0.771858,1.187721,-1.489444,0.000032,-0.667665,-0.536739
10,10,0.756681,1.59618,-1.614508,0.000023,-0.742234,-0.735515
-10,-10,4.024134,-1.473167,1.586796,0.001335,0.747866,0.671275
-10,-8,4.044839,-1.096866,1.445248,0.001064,0.667974,0.49197
-10,-6,4.060826,-0.782377,1.317232,0.000803,0.590216,0.345546
-10,-4,4.072733,-0.522472,1.218042,0.000574,0.52884,0.231423
-10,-2,4.079227,-0.293189,1.154335,0.00039,0.489282,0.135251
-10,0,4.080312,-0.069392,1.12653,0.000245,0.471651,0.041393
-10,2,4.077582,0.165115,1.133963,0.000128,0.476074,-0.059671
-10,4,4.069893,0.421345,1.18049,0.000048,0.504985,-0.173805
-10,6,4.0577,0.712711,1.264664,0.000002,0.557469,-0.309468
-10,8,4.04214,1.055694,1.381106,-0.000019,0.628866,-0.476603
-10,10,4.023711,1.456575,1.514071,-0.000025,0.705233,-0.674709
-8,-10,4.042959,-1.349626,1.147757,0.000953,0.527239,0.60188
-8,-8,4.064853,-0.972201,1.021279,0.000758,0.450817,0.415237
-8,-6,4.083199,-0.673689,0.913593,0.000561,0.384479,0.276866
-8,-4,4.09597,-0.440756,0.831059,0.000374,0.333005,0.179576
-8,-2,4.102651,-0.245218,0.779387,0.000222,0.300694,0.104987
-8,0,4.104382,-0.058497,0.757228,0.000113,0.28703,0.034814
-8,2,4.100739,0.140556,0.764908,0.000041,0.291517,-0.04384
-8,4,4.093265,0.361746,0.804572,-0.000007,0.316536,-0.136434
-8,6,4.080893,0.619432,0.877977,-0.000025,0.362722,-0.251481
-8,8,4.063547,0.936884,0.980292,-0.000025,0.42641,-0.403459
-8,10,4.042948,1.329308,1.104972,-0.000019,0.502948,-0.601
-6,-10,4.057869,-1.246412,0.780253,0.000625,0.345583,0.540653
-6,-8,4.082336,-0.877058,0.678963,0.000491,0.283576,0.357143
-6,-6,4.101543,-0.589738,0.594092,0.000364,0.230975,0.224427
-6,-4,4.116729,-0.372603,0.526951,0.000222,0.189191,0.136433
-6,-2,4.124315,-0.201673,0.486549,0.000099,0.164072,0.07725
-6,0,4.125848,-0.04609,0.471084,0.000026,0.154709,0.026782
-6,2,4.123115,0.116362,0.477722,-0.00001,0.158983,-0.028768
-6,4,4.114718,0.302996,0.51201,-0.000024,0.180406,-0.099516
-6,6,4.101219,0.534871,0.574115,-0.000018,0.219434,-0.19861
-6,8,4.082468,0.834273,0.657295,-0.000009,0.271363,-0.339611
-6,10,4.059382,1.214916,0.757433,-0.000003,0.333493,-0.530375
-4,-10,4.07147,-1.167424,0.478616,0.000364,0.204662,0.493172
-4,-8,4.095627,-0.808051,0.408272,0.000282,0.161195,0.315108
-4,-6,4.11586,-0.529706,0.347294,0.000202,0.123214,0.187451
-4,-4,4.132074,-0.321954,0.299487,0.000115,0.093716,0.104822
-4,-2,4.143344,-0.167488,0.270333,0.000026,0.076591,0.055766
-4,0,4.146515,-0.037468,0.260574,-0.000021,0.071322,0.020808
-4,2,4.141732,0.095456,0.267471,-0.00003,0.075296,-0.016406
-4,4,4.131183,0.255347,0.294149,-0.000019,0.091132,-0.069967
-4,6,4.11594,0.469981,0.33967,-0.000005,0.119145,-0.157763
-4,8,4.096775,0.757286,0.398735,0.000002,0.15614,-0.291462
-4,10,4.073898,1.125456,0.467794,0.000001,0.199389,-0.475177
-2,-10,4.078588,-1.119838,0.225786,0.000161,0.093684,0.463824
-2,-8,4.104089,-0.766395,0.188955,0.00012,0.070945,0.289226
-2,-6,4.124869,-0.494742,0.156584,0.000078,0.050887,0.165776
-2,-4,4.143646,-0.294942,0.131101,0.000029,0.035635,0.088753
-2,-2,4.159197,-0.149015,0.114274,-0.000017,0.026233,0.044845
-2,0,4.165916,-0.036386,0.108324,-0.000037,0.023212,0.019675
-2,2,4.15818,0.076116,0.115543,-0.000025,0.027465,-0.005692
-2,4,4.143594,0.222541,0.131902,-0.000011,0.036654,-0.050597
-2,6,4.12611,0.426744,0.155903,-0.000003,0.050845,-0.130868
-2,8,4.105633,0.70686,0.186571,-0.000001,0.069941,-0.259664
-2,10,4.081649,1.070289,0.222275,-0.000003,0.092406,-0.440648
0,-10,4.078514,-1.105505,-0.000495,-0.00001,-0.000472,0.45441
0,-8,4.107018,-0.754425,-0.000362,-0.00001,-0.000287,0.281709
0,-6,4.129728,-0.4881,-0.000278,-0.000012,-0.000152,0.161883
0,-4,4.149469,-0.293387,-0.000241,-0.000013,-0.000094,0.088354
0,-2,4.167096,-0.150525,-0.000226,-0.000013,-0.000075,0.046352
0,0,4.176614,-0.041372,-0.000258,-0.000013,-0.000088,0.022885
0,2,4.166016,0.066327,-0.000286,-0.000013,-0.000103,-0.00005
0,4,4.147759,0.209448,-0.000271,-0.000013,-0.000102,-0.042875
0,6,4.129373,0.410332,-0.000248,-0.000013,-0.000093,-0.120686
0,8,4.107821,0.693218,-0.000547,-0.000013,0.000523,-0.240225
0,10,4.082437,1.051,-0.000321,-0.000014,-0.000126,-0.427907
2,-10,4.078807,-1.120428,-0.22697,-0.00018,-0.094751,0.464275
2,-8,4.103539,-0.767208,-0.18995,-0.000139,-0.071659,0.289656
2,-6,4.123797,-0.494619,-0.157183,-0.000098,-0.051202,0.16563
2,-4,4.143691,-0.295278,-0.131608,-0.000046,-0.035875,0.089073
2,-2,4.15923,-0.149285,-0.114674,-0.000001,-0.02634,0.045082
2,0,4.165949,-0.036775,-0.108769,0.000016,-0.023298,0.019955
2,2,4.158164,0.075788,-0.116181,-0.000001,-0.027672,-0.005435
2,4,4.143591,0.222518,-0.132589,-0.000015,-0.036938,-0.050547
2,6,4.126092,0.426842,-0.156599,-0.000023,-0.051153,-0.130925
2,8,4.104861,0.707677,-0.187449,-0.000025,-0.070279,-0.259895
2,10,4.081604,1.070218,-0.223168,-0.000023,-0.092797,-0.440623
4,-10,4.070746,-1.169661,-0.480647,-0.000383,-0.206269,0.494645
4,-8,4.095682,-0.809328,-0.409379,-0.000295,-0.162127,0.31617
4,-6,4.115919,-0.530643,-0.347979,-0.000214,-0.123715,0.188281
4,-4,4.132051,-0.322589,-0.299879,-0.000126,-0.093868,0.105432
4,-2,4.143268,-0.167698,-0.270496,-0.000039,-0.076476,0.055981
4,0,4.146497,-0.03762,-0.260673,0.000006,-0.071083,0.020836
4,2,4.141758,0.094908,-0.26796,0.000009,-0.075321,-0.01612
4,4,4.130529,0.255287,-0.295095,-0.000007,-0.091401,-0.069733
4,6,4.116101,0.469828,-0.340568,-0.000022,-0.119591,-0.1577
4,8,4.095455,0.759461,-0.400234,-0.000029,-0.156707,-0.292296
4,10,4.073203,1.127409,-0.469297,-0.000028,-0.20002,-0.475923
6,-10,4.057947,-1.248838,-0.781644,-0.000635,-0.346935,0.542784
6,-8,4.082982,-0.878883,-0.679339,-0.000497,-0.284206,0.359022
6,-6,4.102175,-0.591308,-0.594003,-0.000368,-0.231069,0.226047
6,-4,4.116558,-0.373524,-0.526949,-0.000227,-0.188936,0.137461
6,-2,4.124846,-0.202231,-0.485821,-0.000104,-0.16345,0.07775
6,0,4.12645,-0.046271,-0.470427,-0.000036,-0.154072,0.026678
6,2,4.123163,0.116244,-0.477972,-0.000005,-0.158753,-0.028933
6,4,4.114752,0.302123,-0.512951,0.000002,-0.180734,-0.099062
6,6,4.101302,0.534183,-0.575203,-0.000009,-0.219946,-0.198213
6,8,4.083148,0.833012,-0.657972,-0.000019,-0.271775,-0.339013
6,10,4.059387,1.215331,-0.75858,-0.000025,-0.334017,-0.530442
8,-10,4.04295,-1.353291,-1.148553,-0.000955,-0.528182,0.605344
8,-8,4.064802,-0.975053,-1.021593,-0.000758,-0.451129,0.418017
8,-6,4.083097,-0.675691,-0.913349,-0.000559,-0.384126,0.279014
8,-4,4.096492,-0.442373,-0.829565,-0.000367,-0.33184,0.181379
8,-2,4.103781,-0.246085,-0.777012,-0.000216,-0.299105,0.105812
8,0,4.104866,-0.058034,-0.755786,-0.000116,-0.285755,0.034297
8,2,4.102034,0.14015,-0.763422,-0.000047,-0.290483,-0.044164
8,4,4.094022,0.360496,-0.804469,-0.000007,-0.316287,-0.136107
8,6,4.080962,0.618511,-0.878931,0.000004,-0.36303,-0.251077
8,8,4.063627,0.936079,-0.981436,-0.000002,-0.426906,-0.402982
8,10,4.043029,1.328961,-1.10619,-0.00001,-0.50349,-0.60066
10,-10,4.025462,-1.475948,-1.585051,-0.001324,-0.74757,0.675022
10,-8,4.044762,-1.100208,-1.444812,-0.001055,-0.667581,0.495519
10,-6,4.06067,-0.784972,-1.315999,-0.000791,-0.588978,0.348457
10,-4,4.072531,-0.524012,-1.216273,-0.00056,-0.527081,0.23338
10,-2,4.079002,-0.293312,-1.152489,-0.000379,-0.487395,0.135796
10,0,4.080172,-0.068313,-1.125089,-0.000238,-0.470014,0.04062
10,2,4.076336,0.167463,-1.135074,-0.000128,-0.475698,-0.061408
10,4,4.069913,0.422072,-1.180373,-0.000053,-0.504366,-0.174787
10,6,4.057763,0.712872,-1.264968,-0.000012,-0.557188,-0.31006
10,8,4.042234,1.05552,-1.381757,0.000003,-0.628868,-0.47688
10,10,4.023831,1.456423,-1.514933,0.000005,-0.705428,-0.674844