1.181,0.1,-90,-90,0.240940,-17.221340,15.592749,0.012305,8.279600,9.838305
1.181,0.1,-90,-70,0.240940,-17.221340,15.592749,0.012305,8.279600,9.838305
1.181,0.1,-90,-50,0.240940,-17.221340,15.592749,0.012305,8.279600,9.838305
1.181,0.1,-90,-30,0.240940,-17.221340,15.592749,0.012305,8.279600,9.838305
1.181,0.1,-90,-20,0.240940,-17.221340,15.592749,0.012305,8.279600,9.838305
1.181,0.1,-90,-10,0.240940,-17.221340,15.592749,0.012305,8.279600,9.838305
1.181,0.1,-90,0,0.240940,-17.221340,15.592749,0.012305,8.279600,9.838305
1.181,0.1,-90,10,0.240940,-17.221340,15.592749,0.012305,8.279600,9.838305
1.181,0.1,-90,20,0.240940,-17.221340,15.592749,0.012305,8.279600,9.838305
1.181,0.1,-90,30,0.240940,-17.221340,15.592749,0.012305,8.279600,9.838305
1.181,0.1,-90,50,0.240940,-17.221340,15.592749,0.012305,8.279600,9.838305
1.181,0.1,-90,70,0.240940,-17.221340,15.592749,0.012305,8.279600,9.838305
1.181,0.1,-90,90,0.240940,-17.221340,15.592749,0.012305,8.279600,9.838305
1.181,0.1,-70,-90,0.250530,-21.681898,9.244678,0.017158,4.565944,12.190468
1.181,0.1,-70,-70,0.035127,-22.084789,9.331172,0.016604,4.533189,11.919205
1.181,0.1,-70,-50,-0.169188,-20.949062,10.968609,0.015618,5.061997,11.286947
1.181,0.1,-70,-30,-0.328549,-19.039490,12.636888,0.014083,5.884543,10.507236
1.181,0.1,-70,-20,-0.378149,-17.698950,13.199651,0.013072,6.268144,9.944864
1.181,0.1,-70,-10,-0.412474,-16.377583,13.986598,0.012318,6.724688,9.326883
1.181,0.1,-70,0,-0.426459,-15.089129,14.801311,0.011708,7.196030,8.678954
1.181,0.1,-70,10,-0.418700,-13.722544,15.456426,0.011154,7.601907,7.972859
1.181,0.1,-70,20,-0.389536,-12.323341,16.021725,0.010723,7.956533,7.210090
1.181,0.1,-70,30,-0.343302,-10.834468,16.434832,0.010364,8.228066,6.408961
1.181,0.1,-70,50,-0.182785,-7.944795,16.614794,0.009533,8.437376,4.891612
1.181,0.1,-70,70,0.011288,-6.047350,16.465694,0.008785,8.609940,3.857303
1.181,0.1,-70,90,0.222771,-6.034392,16.423405,0.008655,8.784652,3.545689
1.181,0.1,-50,-90,0.231833,-19.504398,3.446684,0.032216,0.907416,10.918025
1.181,0.1,-50,-70,-0.156477,-20.274727,3.998676,0.030528,1.188026,10.510366
1.181,0.1,-50,-50,-0.626197,-21.668720,6.648956,0.026446,2.594825,11.197682
1.181,0.1,-50,-30,-0.990880,-17.898560,8.954476,0.017701,3.850327,9.935556
1.181,0.1,-50,-20,-1.089158,-15.809606,10.160222,0.014150,4.725801,9.102016
1.181,0.1,-50,-10,-1.148453,-13.332972,10.481444,0.010963,4.945317,7.896903
1.181,0.1,-50,0,-1.182285,-11.559259,12.418147,0.009748,6.187820,7.271111
1.181,0.1,-50,10,-1.173280,-8.246373,14.188011,0.008645,7.320583,5.168196
1.181,0.1,-50,20,-1.093506,-4.145261,16.450359,0.008698,8.784781,2.789752
1.181,0.1,-50,30,-0.967547,-2.981151,14.198431,0.006386,7.237769,2.741884
1.181,0.1,-50,50,-0.635313,3.051712,12.160398,0.004950,6.060158,-0.692336
1.181,0.1,-50,70,-0.175529,6.660718,8.937487,0.003178,4.017838,-3.102992
1.181,0.1,-50,90,0.178780,6.318250,8.540805,0.002497,3.627381,-3.791935
1.181,0.1,-30,-90,0.198970,-14.680616,0.785507,0.032108,-0.414830,7.752342
1.181,0.1,-30,-70,-0.297199,-15.389608,0.127947,0.030538,-0.536256,7.483500
1.181,0.1,-30,-50,-0.974803,-16.637892,2.160588,0.026243,0.802128,8.525081
1.181,0.1,-30,-30,-1.492680,-11.154444,2.616152,0.017308,0.746810,5.931928
1.181,0.1,-30,-20,-1.650654,-8.708300,3.213426,0.011026,1.126841,4.760404
1.181,0.1,-30,-10,-1.761116,-6.678468,4.725571,0.006706,2.049708,3.791282
1.181,0.1,-30,0,-1.795801,-4.546208,6.111720,0.004472,2.920815,2.902337
1.181,0.1,-30,10,-1.764577,-2.298420,6.800351,0.003209,3.427236,1.893631
1.181,0.1,-30,20,-1.661474,1.448525,6.353953,0.002496,3.163594,-0.336552
1.181,0.1,-30,30,-1.483109,4.336989,4.975685,0.001667,2.475052,-1.706174
1.181,0.1,-30,50,-0.963534,10.969656,-0.267021,-0.001158,-0.750937,-5.296986
1.181,0.1,-30,70,-0.296845,13.192482,-2.937854,-0.003806,-2.222982,-6.584837
1.181,0.1,-30,90,0.171232,12.575964,-1.298172,-0.004023,-1.765618,-6.784027
1.181,0.1,-20,-90,0.177977,-12.195658,1.500515,0.023263,0.276831,6.166279
1.181,0.1,-20,-70,-0.337004,-12.257680,0.165823,0.021034,-0.277069,5.830796
1.181,0.1,-20,-50,-1.080879,-11.142009,-0.746973,0.018117,-0.841574,5.379961
1.181,0.1,-20,-30,-1.655208,-7.024956,0.226796,0.012840,-0.271145,3.331825
1.181,0.1,-20,-20,-1.863106,-5.113958,1.074494,0.010155,0.168170,2.552682
1.181,0.1,-20,-10,-1.964372,-3.748807,2.203981,0.005024,0.835339,2.024480
1.181,0.1,-20,0,-2.021817,-2.035166,3.142498,0.002589,1.410966,1.320449
1.181,0.1,-20,10,-1.967528,0.074586,3.330940,0.001304,1.561157,0.217776
1.181,0.1,-20,20,-1.846913,2.565368,2.200563,0.000390,0.965665,-0.972997
1.181,0.1,-20,30,-1.655540,5.527156,-0.340654,-0.001116,-0.516816,-2.470875
1.181,0.1,-20,50,-1.070711,8.670289,-0.440596,-0.001928,-0.517686,-3.938811
1.181,0.1,-20,70,-0.351651,10.087632,0.856126,-0.002762,0.113199,-4.719922
1.181,0.1,-20,90,0.171890,10.369452,1.960795,-0.003265,0.324500,-5.268897
1.181,0.1,-10,-90,0.164697,-10.997025,1.827435,0.012900,0.765645,5.386875
1.181,0.1,-10,-70,-0.374742,-10.650098,0.914575,0.011630,0.392499,4.877163
1.181,0.1,-10,-50,-1.139377,-8.191563,0.405664,0.009206,0.157463,3.657655
1.181,0.1,-10,-30,-1.768523,-4.479237,0.467943,0.006333,0.207927,1.856243
1.181,0.1,-10,-20,-1.988078,-2.805894,0.455901,0.005153,0.076047,1.192590
1.181,0.1,-10,-10,-2.165998,-1.540312,0.550001,0.003732,0.097040,0.733345
1.181,0.1,-10,0,-2.202689,-0.507996,1.107971,0.001134,0.473796,0.371056
1.181,0.1,-10,10,-2.192428,0.605309,1.171517,0.000214,0.537380,-0.117993
1.181,0.1,-10,20,-2.030663,2.470085,0.214374,-0.000877,-0.003928,-0.983857
1.181,0.1,-10,30,-1.764410,4.062628,0.144018,-0.001474,0.031645,-1.627240
1.181,0.1,-10,50,-1.143398,7.355393,-0.090551,-0.002307,-0.071147,-3.125657
1.181,0.1,-10,70,-0.387397,9.823842,0.453232,-0.002968,0.095893,-4.493574
1.181,0.1,-10,90,0.168471,10.374235,1.450310,-0.003178,0.386197,-5.144589
1.181,0.1,0,-90,0.192632,-10.768443,1.157499,-0.000600,0.630193,5.239160
1.181,0.1,0,-70,-0.381666,-10.132503,0.513917,-0.000936,0.447351,4.638103
1.181,0.1,0,-50,-1.171871,-7.404116,0.351222,-0.000893,0.311191,3.165733
1.181,0.1,0,-30,-1.818765,-3.749417,0.259156,-0.000585,0.245047,1.481012
1.181,0.1,0,-20,-2.105481,-1.885528,0.099146,-0.000395,0.093326,0.677403
1.181,0.1,0,-10,-2.242003,-0.752249,0.013602,-0.000140,0.012053,0.240701
1.181,0.1,0,0,-2.141330,0.002956,0.002491,0.000008,0.003120,-0.003341
1.181,0.1,0,10,-2.205766,0.771676,-0.027628,0.000074,-0.010739,-0.263929
1.181,0.1,0,20,-2.075523,1.962824,0.013597,0.000131,0.044411,-0.723694
1.181,0.1,0,30,-1.852124,3.516482,0.112892,0.000303,0.175228,-1.372519
1.181,0.1,0,50,-1.165475,7.070889,0.136392,0.000101,0.177786,-2.998618
1.181,0.1,0,70,-0.392282,9.693998,0.129383,-0.000062,0.159204,-4.419221
1.181,0.1,0,90,0.218938,10.402042,0.898561,-0.000231,0.400029,-5.100889
1.181,0.1,10,-90,0.188047,-11.163615,-0.445982,-0.014451,0.406144,5.535497
1.181,0.1,10,-70,-0.373705,-10.542183,0.063375,-0.013458,0.437955,4.923872
1.181,0.1,10,-50,-1.148119,-8.421312,0.448730,-0.010964,0.579130,3.821151
1.181,0.1,10,-30,-1.765836,-4.629859,0.085886,-0.007283,0.285785,1.998009
1.181,0.1,10,-20,-1.985631,-2.886019,-0.317964,-0.005743,0.045265,1.266866
1.181,0.1,10,-10,-2.165680,-1.585549,-0.526873,-0.003895,-0.077587,0.770725
1.181,0.1,10,0,-2.204158,-0.502694,-1.099064,-0.001006,-0.466031,0.366789
1.181,0.1,10,10,-2.200408,0.588359,-1.169376,-0.000007,-0.504902,-0.125222
1.181,0.1,10,20,-2.030342,2.467006,-0.191564,0.001266,0.103341,-1.019579
1.181,0.1,10,30,-1.763817,4.160025,0.135355,0.002105,0.277908,-1.722774
1.181,0.1,10,50,-1.140467,7.406892,0.332079,0.003148,0.382196,-3.191896
1.181,0.1,10,70,-0.383551,9.827200,-0.200517,0.003416,0.240668,-4.537189
1.181,0.1,10,90,0.166213,10.426904,-0.420200,0.003469,0.413974,-5.185426
1.181,0.1,20,-90,0.179186,-12.626721,-0.128844,-0.025108,0.833764,6.528485
1.181,0.1,20,-70,-0.341055,-12.263017,0.745247,-0.023351,0.991095,5.932832
1.181,0.1,20,-50,-1.071294,-11.245259,1.419673,-0.019488,1.439850,5.476454
1.181,0.1,20,-30,-1.652226,-7.058156,-0.086876,-0.013710,0.402680,3.405072
1.181,0.1,20,-20,-1.862539,-5.178298,-1.060863,-0.010307,-0.154241,2.610608
1.181,0.1,20,-10,-1.985694,-3.700757,-2.169986,-0.005111,-0.808490,2.008032
1.181,0.1,20,0,-2.024525,-2.060759,-3.098172,-0.002296,-1.374265,1.350955
1.181,0.1,20,10,-2.005125,0.113602,-3.202634,-0.000756,-1.465479,0.202657
1.181,0.1,20,20,-1.868724,2.464754,-2.215692,0.000531,-0.921109,-0.942979
1.181,0.1,20,30,-1.654585,5.608290,0.387876,0.001879,0.726067,-2.634922
1.181,0.1,20,50,-1.069629,8.746348,0.518184,0.002927,0.658721,-3.969244
1.181,0.1,20,70,-0.351813,10.225704,-0.631085,0.003724,0.137368,-4.821991
1.181,0.1,20,90,0.155374,10.521371,-1.232332,0.004093,0.210802,-5.363153
1.181,0.1,30,-90,0.199152,-15.012285,0.071828,-0.033933,1.133007,8.078357
1.181,0.1,30,-70,-0.302784,-15.451711,0.441865,-0.032399,1.044633,7.671865
1.181,0.1,30,-50,-0.965270,-15.501157,0.359029,-0.027575,1.259064,7.958623
1.181,0.1,30,-30,-1.490074,-10.967875,-3.029432,-0.017465,-1.099167,5.795261
1.181,0.1,30,-20,-1.652227,-8.821226,-3.275742,-0.010719,-1.150014,4.891303
1.181,0.1,30,-10,-1.764858,-6.556860,-4.685025,-0.006067,-2.008824,3.728716
1.181,0.1,30,0,-1.801469,-4.456487,-5.925356,-0.003696,-2.779960,2.815406
1.181,0.1,30,10,-1.770061,-2.081823,-6.531053,-0.002395,-3.205218,1.672100
1.181,0.1,30,20,-1.660335,1.448832,-6.091003,-0.001306,-2.942627,-0.371136
1.181,0.1,30,30,-1.484286,4.838662,-4.508460,-0.000385,-2.026798,-2.144346
1.181,0.1,30,50,-0.965794,11.632810,0.495796,0.002368,1.027877,-5.722166
1.181,0.1,30,70,-0.302005,12.895205,2.468510,0.004605,2.302670,-6.519884
1.181,0.1,30,90,0.150158,11.244500,-0.832184,0.003865,0.858945,-6.132280
1.181,0.1,50,-90,0.234603,-19.996342,-3.154804,-0.031077,-0.702955,11.282288
1.181,0.1,50,-70,-0.162332,-20.590769,-3.704167,-0.029615,-0.995800,10.765546
1.181,0.1,50,-50,-0.634367,-21.820889,-6.208552,-0.025493,-2.304176,11.470915
1.181,0.1,50,-30,-0.991961,-17.885349,-8.927328,-0.016609,-3.812651,10.002554
1.181,0.1,50,-20,-1.091801,-15.933263,-10.107582,-0.012991,-4.673263,9.261285
1.181,0.1,50,-10,-1.163136,-13.064209,-10.680320,-0.009890,-5.093313,7.681295
1.181,0.1,50,0,-1.184862,-10.647053,-11.096786,-0.007603,-5.274329,6.446037
1.181,0.1,50,10,-1.173517,-8.314062,-12.755168,-0.006305,-6.278582,5.316639
1.181,0.1,50,20,-1.090539,-4.969718,-14.422771,-0.005650,-7.393786,3.522135
1.181,0.1,50,30,-0.976258,-1.713279,-13.959684,-0.004568,-7.020048,1.670189
1.181,0.1,50,50,-0.620493,3.601206,-10.954536,-0.002464,-5.181693,-1.266476
1.181,0.1,50,70,-0.179800,7.293613,-7.997157,-0.000955,-3.366069,-3.625457
1.181,0.1,50,90,0.156902,7.067301,-7.638067,-0.000126,-2.836357,-4.442159
1.181,0.1,70,-90,0.249878,-21.650068,-9.166519,-0.015700,-4.504830,12.239191
1.181,0.1,70,-70,0.047450,-22.019815,-9.262221,-0.015159,-4.468280,11.956378
1.181,0.1,70,-50,-0.162278,-20.903635,-10.803286,-0.013946,-4.965103,11.286228
1.181,0.1,70,-30,-0.332570,-19.229429,-12.747658,-0.012542,-5.889728,10.498034
1.181,0.1,70,-20,-0.384514,-18.039623,-13.677040,-0.011815,-6.408107,9.946997
1.181,0.1,70,-10,-0.418315,-16.768301,-14.523933,-0.011155,-6.893407,9.306070
1.181,0.1,70,0,-0.428516,-15.283913,-15.123377,-0.010404,-7.278371,8.562902
1.181,0.1,70,10,-0.414528,-13.660807,-15.389898,-0.009484,-7.512946,7.736247
1.181,0.1,70,20,-0.379769,-11.987801,-15.473233,-0.008581,-7.660453,6.860554
1.181,0.1,70,30,-0.329265,-10.324446,-15.627531,-0.007916,-7.813075,5.986575
1.181,0.1,70,50,-0.174739,-7.212820,-15.822912,-0.006985,-7.973604,4.361938
1.181,0.1,70,70,0.027241,-5.563384,-15.789968,-0.006160,-8.105837,3.332370
1.181,0.1,70,90,0.170300,-6.163403,-16.080463,-0.006074,-8.310063,3.104549
1.181,0.1,90,-90,0.192079,-17.522232,-15.573410,-0.010041,-8.159311,9.543113
1.181,0.1,90,-70,0.192079,-17.522232,-15.573410,-0.010041,-8.159311,9.543113
1.181,0.1,90,-50,0.192079,-17.522232,-15.573410,-0.010041,-8.159311,9.543113
1.181,0.1,90,-30,0.192079,-17.522232,-15.573410,-0.010041,-8.159311,9.543113
1.181,0.1,90,-20,0.192079,-17.522232,-15.573410,-0.010041,-8.159311,9.543113
1.181,0.1,90,-10,0.192079,-17.522232,-15.573410,-0.010041,-8.159311,9.543113
1.181,0.1,90,0,0.192079,-17.522232,-15.573410,-0.010041,-8.159311,9.543113
1.181,0.1,90,10,0.192079,-17.522232,-15.573410,-0.010041,-8.159311,9.543113
1.181,0.1,90,20,0.192079,-17.522232,-15.573410,-0.010041,-8.159311,9.543113
1.181,0.1,90,30,0.192079,-17.522232,-15.573410,-0.010041,-8.159311,9.543113
1.181,0.1,90,50,0.192079,-17.522232,-15.573410,-0.010041,-8.159311,9.543113
1.181,0.1,90,70,0.192079,-17.522232,-15.573410,-0.010041,-8.159311,9.543113
1.181,0.1,90,90,0.192079,-17.522232,-15.573410,-0.010041,-8.159311,9.543113
1.581,0.2,-90,-90,0.741421,-18.322115,14.865370,0.010034,7.725047,10.664637
1.581,0.2,-90,-70,0.741421,-18.322115,14.865370,0.010034,7.725047,10.664637
1.581,0.2,-90,-50,0.741421,-18.322115,14.865370,0.010034,7.725047,10.664637
1.581,0.2,-90,-30,0.741421,-18.322115,14.865370,0.010034,7.725047,10.664637
1.581,0.2,-90,-20,0.741421,-18.322115,14.865370,0.010034,7.725047,10.664637
1.581,0.2,-90,-10,0.741421,-18.322115,14.865370,0.010034,7.725047,10.664637
1.581,0.2,-90,0,0.741421,-18.322115,14.865370,0.010034,7.725047,10.664637
1.581,0.2,-90,10,0.741421,-18.322115,14.865370,0.010034,7.725047,10.664637
1.581,0.2,-90,20,0.741421,-18.322115,14.865370,0.010034,7.725047,10.664637
1.581,0.2,-90,30,0.741421,-18.322115,14.865370,0.010034,7.725047,10.664637
1.581,0.2,-90,50,0.741421,-18.322115,14.865370,0.010034,7.725047,10.664637
1.581,0.2,-90,70,0.741421,-18.322115,14.865370,0.010034,7.725047,10.664637
1.581,0.2,-90,90,0.741421,-18.322115,14.865370,0.010034,7.725047,10.664637
1.581,0.2,-70,-90,0.765427,-23.081306,6.886743,0.013027,3.445294,12.744585
1.581,0.2,-70,-70,0.529598,-23.408712,7.408617,0.012707,3.478910,12.457048
1.581,0.2,-70,-50,0.300859,-21.286854,10.500242,0.011670,4.205742,11.956851
1.581,0.2,-70,-30,0.159098,-20.194990,12.944547,0.010915,5.397218,11.498532
1.581,0.2,-70,-20,0.115694,-19.992107,14.121715,0.010439,6.033040,11.424891
1.581,0.2,-70,-10,0.095661,-19.095327,15.105573,0.010141,6.677264,10.987510
1.581,0.2,-70,0,0.086513,-17.815638,16.174273,0.009807,7.315537,10.373492
1.581,0.2,-70,10,0.107160,-15.887728,16.192171,0.009375,7.535871,9.330292
1.581,0.2,-70,20,0.145712,-17.432581,16.573946,0.009845,7.930354,9.180444
1.581,0.2,-70,30,0.176362,-16.155643,17.130550,0.009412,8.133220,8.216488
1.581,0.2,-70,50,0.295598,-12.648819,17.019609,0.008108,8.191561,6.354589
1.581,0.2,-70,70,0.508559,-8.544368,15.867024,0.007268,8.221144,4.920326
1.581,0.2,-70,90,0.725736,-7.553432,15.884603,0.007309,8.528878,4.415100
1.581,0.2,-50,-90,0.841201,-20.049862,0.960142,0.029414,-0.029899,10.670240
1.581,0.2,-50,-70,0.334973,-21.192213,0.952840,0.027397,-0.106932,10.480814
1.581,0.2,-50,-50,-0.020989,-22.756826,3.209843,0.022147,0.906094,11.745182
1.581,0.2,-50,-30,-0.246894,-18.883770,6.736083,0.013345,2.637438,10.616275
1.581,0.2,-50,-20,-0.317609,-16.662756,8.090378,0.010275,3.444318,9.707458
1.581,0.2,-50,-10,-0.366030,-15.588537,13.983932,0.010447,7.331496,9.506462
1.581,0.2,-50,0,-0.370748,-11.320666,16.332859,0.009425,8.429373,7.836295
1.581,0.2,-50,10,-0.367787,-10.642879,12.160429,0.006245,6.024326,6.678977
1.581,0.2,-50,20,-0.304360,-7.834110,13.553823,0.005601,6.987015,5.209556
1.581,0.2,-50,30,-0.229633,-5.255406,13.607051,0.005004,6.983258,3.912833
1.581,0.2,-50,50,-0.023559,1.017259,11.665049,0.003596,5.915112,0.778246
1.581,0.2,-50,70,0.309223,5.556877,9.076838,0.002439,4.200017,-2.161992
1.581,0.2,-50,90,0.714020,5.493135,7.662282,0.001909,3.424654,-3.086294
1.581,0.2,-30,-90,0.712520,-12.908411,0.422060,0.030963,-0.535443,6.792879
1.581,0.2,-30,-70,0.193740,-14.894618,-1.125009,0.029593,-0.934499,6.868620
1.581,0.2,-30,-50,-0.250077,-14.884756,-1.377987,0.024877,-1.442225,7.301747
1.581,0.2,-30,-30,-0.620739,-11.010214,1.344102,0.015246,0.073615,5.756294
1.581,0.2,-30,-20,-0.751081,-9.256811,2.510762,0.008780,0.772789,5.083025
1.581,0.2,-30,-10,-0.838420,-7.496738,4.791415,0.005187,2.195764,4.302962
1.581,0.2,-30,0,-0.866321,-4.415312,6.404065,0.003407,3.165548,2.931418
1.581,0.2,-30,10,-0.835950,-2.917340,6.974840,0.002179,3.621395,2.408699
1.581,0.2,-30,20,-0.753284,0.408730,6.594999,0.001688,3.397590,0.362177
1.581,0.2,-30,30,-0.612395,4.150559,5.495450,0.001451,2.857768,-1.806016
1.581,0.2,-30,50,-0.233129,10.277749,-1.066138,-0.002057,-0.797117,-4.568344
1.581,0.2,-30,70,0.215961,12.157842,-2.524814,-0.004128,-1.727411,-5.723769
1.581,0.2,-30,90,0.778174,10.903796,-1.140686,-0.003931,-1.299421,-5.834044
1.581,0.2,-20,-90,0.687377,-10.675836,1.486397,0.022445,0.273649,5.365114
1.581,0.2,-20,-70,0.168831,-12.590910,-0.112996,0.021047,-0.156395,5.722190
1.581,0.2,-20,-50,-0.315898,-10.604853,-1.863150,0.016755,-1.325657,4.845539
1.581,0.2,-20,-30,-0.759270,-7.041039,-0.654973,0.011349,-0.713732,3.308759
1.581,0.2,-20,-20,-0.905721,-5.530972,0.690239,0.008517,-0.017078,2.833803
1.581,0.2,-20,-10,-0.994582,-3.999371,2.130342,0.003770,0.867603,2.116785
1.581,0.2,-20,0,-1.021125,-1.955853,3.058104,0.001756,1.369172,1.352265
1.581,0.2,-20,10,-0.995790,0.265169,3.094615,0.000941,1.452916,0.134657
1.581,0.2,-20,20,-0.910701,2.555816,2.128939,-0.000247,1.042426,-0.872162
1.581,0.2,-20,30,-0.755874,5.319988,-0.651293,-0.001323,-0.583148,-2.288216
1.581,0.2,-20,50,-0.309865,9.088884,-0.760033,-0.001539,-0.469269,-4.183752
1.581,0.2,-20,70,0.171466,10.191286,1.170982,-0.002127,0.545111,-4.438537
1.581,0.2,-20,90,0.823988,8.825994,2.359597,-0.002264,0.888977,-4.392489
1.581,0.2,-10,-90,0.637600,-9.574228,1.994391,0.012313,0.873208,4.655324
1.581,0.2,-10,-70,0.164832,-10.745558,0.635166,0.011124,0.448517,5.044142
1.581,0.2,-10,-50,-0.346444,-7.732362,-0.146800,0.008121,-0.049540,3.360863
1.581,0.2,-10,-30,-0.847245,-4.165098,-0.033100,0.005700,-0.097259,1.675341
1.581,0.2,-10,-20,-0.997129,-2.682715,0.343687,0.004250,0.043504,1.120318
1.581,0.2,-10,-10,-1.058946,-1.558878,0.510071,0.002725,0.069519,0.777303
1.581,0.2,-10,0,-1.064122,-0.409195,1.068787,0.000564,0.460009,0.300232
1.581,0.2,-10,10,-1.058816,0.847488,0.833452,-0.000191,0.320836,-0.290074
1.581,0.2,-10,20,-0.995047,2.418991,-0.018269,-0.000905,-0.144983,-0.967916
1.581,0.2,-10,30,-0.841627,3.800850,-0.389680,-0.001413,-0.290210,-1.478468
1.581,0.2,-10,50,-0.343867,7.635232,-0.457643,-0.000976,-0.126818,-3.489400
1.581,0.2,-10,70,0.172935,9.599897,0.492030,-0.001915,0.342775,-4.263906
1.581,0.2,-10,90,0.755752,9.045084,2.320252,-0.002180,1.013857,-4.342283
1.581,0.2,0,-90,0.671312,-9.370543,1.222592,-0.000392,0.786467,4.505198
1.581,0.2,0,-70,0.169517,-8.895350,0.522484,-0.000781,0.455040,3.956365
1.581,0.2,0,-50,-0.352156,-7.313361,0.469743,-0.001323,0.393277,3.360028
1.581,0.2,0,-30,-0.873553,-3.393215,0.246685,-0.000486,0.218308,1.256974
1.581,0.2,0,-20,-1.022105,-1.951093,0.105257,-0.000268,0.093778,0.701453
1.581,0.2,0,-10,-1.068245,-0.767867,0.010551,-0.000082,0.009741,0.267427
1.581,0.2,0,0,-1.044846,-0.034208,0.002240,0.000001,0.002642,0.032347
1.581,0.2,0,10,-1.072048,0.763672,-0.016903,0.000050,-0.007023,-0.272612
1.581,0.2,0,20,-1.024296,1.897706,0.049591,0.000097,0.061845,-0.689553
1.581,0.2,0,30,-0.869815,3.250500,0.173096,0.000252,0.140835,-1.198348
1.581,0.2,0,50,-0.356889,6.531092,0.719381,0.000187,0.702199,-2.776864
1.581,0.2,0,70,0.170898,9.579397,-0.074125,-0.000018,0.149943,-4.310082
1.581,0.2,0,90,0.669272,9.203218,1.051437,-0.000093,0.653259,-4.476991
1.581,0.2,10,-90,0.748773,-9.808168,-0.017924,-0.013193,0.671569,4.794298
1.581,0.2,10,-70,0.163580,-10.564157,0.378247,-0.012910,0.393710,4.957636
1.581,0.2,10,-50,-0.341878,-8.177165,0.647303,-0.009227,0.333305,3.723907
1.581,0.2,10,-30,-0.847552,-4.351562,0.508336,-0.006522,0.510038,1.843241
1.581,0.2,10,-20,-0.995268,-2.763190,-0.224509,-0.004752,0.064964,1.196073
1.581,0.2,10,-10,-1.058585,-1.570365,-0.497868,-0.002844,-0.057609,0.787747
1.581,0.2,10,0,-1.065886,-0.394848,-1.053730,-0.000490,-0.447735,0.291517
1.581,0.2,10,10,-1.058913,0.835686,-0.819490,0.000368,-0.292584,-0.291578
1.581,0.2,10,20,-0.993460,2.477773,-0.010427,0.001146,0.201257,-1.047910
1.581,0.2,10,30,-0.840169,3.925015,0.430712,0.001992,0.371570,-1.573798
1.581,0.2,10,50,-0.345766,7.355846,1.285452,0.002417,0.875121,-3.247011
1.581,0.2,10,70,0.164067,9.491982,-0.466138,0.002521,-0.012003,-4.194566
1.581,0.2,10,90,0.631682,9.118322,-0.738946,0.002505,0.178865,-4.487149
1.581,0.2,20,-90,0.810789,-11.280369,1.539824,-0.023482,1.231476,5.623429
1.581,0.2,20,-70,0.160918,-12.696500,0.948607,-0.022952,0.892881,5.866691
1.581,0.2,20,-50,-0.326249,-10.382254,2.008034,-0.017908,1.428481,4.629722
1.581,0.2,20,-30,-0.759374,-7.173828,0.822552,-0.011995,0.861551,3.434070
1.581,0.2,20,-20,-0.906105,-5.589754,-0.468092,-0.008031,0.145331,2.829580
1.581,0.2,20,-10,-0.995305,-3.976508,-2.110905,-0.003716,-0.843082,2.119227
1.581,0.2,20,0,-1.022655,-1.995371,-3.003548,-0.001566,-1.329334,1.371026
1.581,0.2,20,10,-1.000168,0.279746,-2.968526,-0.000407,-1.352713,0.131866
1.581,0.2,20,20,-0.910927,2.650137,-1.789042,0.000802,-0.716708,-1.016481
1.581,0.2,20,30,-0.756420,5.521178,0.887562,0.002264,0.989499,-2.559021
1.581,0.2,20,50,-0.311661,9.020422,0.522775,0.001761,0.149324,-4.061210
1.581,0.2,20,70,0.163649,10.246199,-0.851756,0.002831,-0.155519,-4.491396
1.581,0.2,20,90,0.675454,8.941876,-1.957054,0.003086,-0.074080,-4.537729
1.581,0.2,30,-90,0.742189,-13.958409,2.455225,-0.031757,1.690555,7.178191
1.581,0.2,30,-70,0.186489,-15.104744,1.841851,-0.031102,1.559080,7.164368
1.581,0.2,30,-50,-0.261783,-14.521744,1.537953,-0.025377,1.588898,6.967782
1.581,0.2,30,-30,-0.621960,-11.057666,-1.310205,-0.015285,-0.044124,5.808537
1.581,0.2,30,-20,-0.754407,-9.011038,-2.816136,-0.008566,-1.009891,4.842166
1.581,0.2,30,-10,-0.842035,-7.206365,-4.316928,-0.004343,-1.882538,3.991956
1.581,0.2,30,0,-0.870206,-4.853299,-5.772221,-0.002556,-2.751082,3.046706
1.581,0.2,30,10,-0.841369,-2.465414,-6.526919,-0.001510,-3.278334,2.060754
1.581,0.2,30,20,-0.757799,0.729854,-6.119672,-0.000819,-3.004559,0.098970
1.581,0.2,30,30,-0.613902,4.288833,-4.864567,0.000042,-2.305486,-1.920764
1.581,0.2,30,50,-0.232112,11.230350,0.250569,0.003012,0.272119,-5.314284
1.581,0.2,30,70,0.205115,12.391777,3.068139,0.005078,2.462748,-6.026575
1.581,0.2,30,90,0.684511,9.431676,-1.319225,0.003625,0.663802,-5.252742
1.581,0.2,50,-90,0.843924,-20.697519,-0.481782,-0.027953,0.351487,11.127220
1.581,0.2,50,-70,0.330396,-21.604666,-0.700280,-0.026662,0.344115,10.842789
1.581,0.2,50,-50,-0.026523,-23.056835,-2.973605,-0.021517,-0.687569,12.025380
1.581,0.2,50,-30,-0.246779,-18.719702,-6.637187,-0.012338,-2.552483,10.586596
1.581,0.2,50,-20,-0.319035,-16.349365,-7.909987,-0.009129,-3.307153,9.588533
1.581,0.2,50,-10,-0.369314,-15.396184,-13.868952,-0.008864,-7.277292,9.274122
1.581,0.2,50,0,-0.384115,-14.090883,-12.805629,-0.006646,-6.493424,8.283543
1.581,0.2,50,10,-0.370195,-9.171270,-11.405441,-0.004611,-5.511535,5.599112
1.581,0.2,50,20,-0.295733,-7.502576,-13.511293,-0.004160,-7.075231,5.020622
1.581,0.2,50,30,-0.237167,-4.609900,-13.350909,-0.003371,-6.673308,3.286082
1.581,0.2,50,50,-0.021758,1.418141,-11.556765,-0.001855,-5.714879,0.368986
1.581,0.2,50,70,0.306333,5.886426,-8.492298,-0.000534,-3.688946,-2.527632
1.581,0.2,50,90,0.710697,4.978801,-7.641470,0.000113,-2.774870,-3.472517
1.581,0.2,70,-90,0.784542,-24.090609,-6.628426,-0.011952,-3.352209,12.961240
1.581,0.2,70,-70,0.534407,-22.877869,-7.470885,-0.011424,-3.425695,12.399876
1.581,0.2,70,-50,0.304663,-21.554539,-10.097534,-0.010489,-4.101274,11.960562
1.581,0.2,70,-30,0.163789,-20.566263,-12.393014,-0.009283,-5.221622,11.542783
1.581,0.2,70,-20,0.136325,-19.892923,-13.279918,-0.008786,-5.841580,11.261218
1.581,0.2,70,-10,0.149767,-19.043152,-12.735906,-0.008426,-5.910436,10.572958
1.581,0.2,70,0,0.108245,-19.407166,-14.470601,-0.008661,-6.738312,10.254627
1.581,0.2,70,10,0.114263,-17.978609,-15.469778,-0.008143,-7.269645,9.454926
1.581,0.2,70,20,0.122160,-16.791164,-16.508183,-0.007885,-7.708801,8.561098
1.581,0.2,70,30,0.161216,-15.321661,-16.849501,-0.007477,-7.851385,7.607966
1.581,0.2,70,50,0.286724,-12.334505,-16.902521,-0.006389,-7.918822,5.911499
1.581,0.2,70,70,0.505727,-8.814083,-15.864253,-0.005218,-7.896553,4.471362
1.581,0.2,70,90,0.679425,-7.810218,-15.578577,-0.005077,-8.069227,3.949426
1.581,0.2,90,-90,0.763668,-19.709187,-14.445618,-0.007742,-7.537000,10.523211
1.581,0.2,90,-70,0.763668,-19.709187,-14.445618,-0.007742,-7.537000,10.523211
1.581,0.2,90,-50,0.763668,-19.709187,-14.445618,-0.007742,-7.537000,10.523211
1.581,0.2,90,-30,0.763668,-19.709187,-14.445618,-0.007742,-7.537000,10.523211
1.581,0.2,90,-20,0.763668,-19.709187,-14.445618,-0.007742,-7.537000,10.523211
1.581,0.2,90,-10,0.763668,-19.709187,-14.445618,-0.007742,-7.537000,10.523211
1.581,0.2,90,0,0.763668,-19.709187,-14.445618,-0.007742,-7.537000,10.523211
1.581,0.2,90,10,0.763668,-19.709187,-14.445618,-0.007742,-7.537000,10.523211
1.581,0.2,90,20,0.763668,-19.709187,-14.445618,-0.007742,-7.537000,10.523211
1.581,0.2,90,30,0.763668,-19.709187,-14.445618,-0.007742,-7.537000,10.523211
1.581,0.2,90,50,0.763668,-19.709187,-14.445618,-0.007742,-7.537000,10.523211
1.581,0.2,90,70,0.763668,-19.709187,-14.445618,-0.007742,-7.537000,10.523211
1.581,0.2,90,90,0.763668,-19.709187,-14.445618,-0.007742,-7.537000,10.523211
2.150,0.3,-90,-90,0.946200,-18.573444,14.965784,0.009257,7.616283,11.062840
2.150,0.3,-90,-70,0.946200,-18.573444,14.965784,0.009257,7.616283,11.062840
2.150,0.3,-90,-50,0.946200,-18.573444,14.965784,0.009257,7.616283,11.062840
2.150,0.3,-90,-30,0.946200,-18.573444,14.965784,0.009257,7.616283,11.062840
2.150,0.3,-90,-20,0.946200,-18.573444,14.965784,0.009257,7.616283,11.062840
2.150,0.3,-90,-10,0.946200,-18.573444,14.965784,0.009257,7.616283,11.062840
2.150,0.3,-90,0,0.946200,-18.573444,14.965784,0.009257,7.616283,11.062840
2.150,0.3,-90,10,0.946200,-18.573444,14.965784,0.009257,7.616283,11.062840
2.150,0.3,-90,20,0.946200,-18.573444,14.965784,0.009257,7.616283,11.062840
2.150,0.3,-90,30,0.946200,-18.573444,14.965784,0.009257,7.616283,11.062840
2.150,0.3,-90,50,0.946200,-18.573444,14.965784,0.009257,7.616283,11.062840
2.150,0.3,-90,70,0.946200,-18.573444,14.965784,0.009257,7.616283,11.062840
2.150,0.3,-90,90,0.946200,-18.573444,14.965784,0.009257,7.616283,11.062840
2.150,0.3,-70,-90,0.984003,-23.666670,6.369521,0.011314,3.148623,12.987170
2.150,0.3,-70,-70,0.770011,-22.754421,8.948455,0.011617,3.557577,12.866971
2.150,0.3,-70,-50,0.594760,-22.206020,9.795856,0.010519,3.788400,12.400261
2.150,0.3,-70,-30,0.465374,-21.758595,11.682650,0.009699,4.857514,12.154567
2.150,0.3,-70,-20,0.415012,-21.252369,12.943331,0.009334,5.547498,11.993333
2.150,0.3,-70,-10,0.380728,-20.694113,14.235476,0.009050,6.299669,11.800261
2.150,0.3,-70,0,0.361266,-19.298000,15.242152,0.008566,6.865398,11.368102
2.150,0.3,-70,10,0.359066,-18.013840,16.479525,0.008571,7.620351,10.515325
2.150,0.3,-70,20,0.396167,-19.573933,16.854538,0.008717,7.862367,9.793457
2.150,0.3,-70,30,0.430060,-17.294622,16.943274,0.008247,7.938994,8.565409
2.150,0.3,-70,50,0.563051,-14.053484,17.200521,0.007417,8.088807,6.762338
2.150,0.3,-70,70,0.716300,-11.166232,16.801785,0.006751,8.257797,5.551264
2.150,0.3,-70,90,0.922994,-8.838408,15.810857,0.006718,8.488196,4.797103
2.150,0.3,-50,-90,1.059941,-20.117451,0.273615,0.028567,-0.316780,10.607698
2.150,0.3,-50,-70,0.622852,-21.429073,0.048505,0.025720,-0.440069,10.386404
2.150,0.3,-50,-50,0.218581,-24.275135,3.031910,0.022111,0.811321,12.634516
2.150,0.3,-50,-30,-0.002013,-19.148687,6.430181,0.011484,2.590686,10.865211
2.150,0.3,-50,-20,-0.088919,-17.281452,8.139668,0.009107,3.617664,10.046411
2.150,0.3,-50,-10,-0.137298,-15.831080,10.264426,0.007979,4.871801,9.613912
2.150,0.3,-50,0,-0.145184,-9.754478,17.025255,0.009206,8.868028,6.435814
2.150,0.3,-50,10,-0.143971,-11.118704,12.919649,0.006244,6.581785,6.804031
2.150,0.3,-50,20,-0.083916,-8.669259,13.408750,0.005372,6.882666,5.671699
2.150,0.3,-50,30,-0.006326,-6.275239,12.806047,0.004255,6.456925,4.202281
2.150,0.3,-50,50,0.227726,-0.127077,13.402883,0.003871,7.062013,1.491798
2.150,0.3,-50,70,0.593678,4.455772,8.943932,0.001904,4.159030,-1.723495
2.150,0.3,-50,90,0.949753,5.630418,7.189122,0.001331,3.143134,-3.124218
2.150,0.3,-30,-90,0.891124,-12.192896,0.630244,0.030913,-0.251376,6.391150
2.150,0.3,-30,-70,0.463246,-14.030428,-1.233910,0.030001,-0.902977,6.400063
2.150,0.3,-30,-50,-0.044480,-13.848450,-1.571539,0.024288,-1.340615,6.310319
2.150,0.3,-30,-30,-0.347144,-11.852252,0.552794,0.015387,-0.537588,6.304723
2.150,0.3,-30,-20,-0.437954,-9.522061,2.454604,0.008455,0.833044,5.146511
2.150,0.3,-30,-10,-0.502955,-7.438892,3.795911,0.003676,1.591003,3.913506
2.150,0.3,-30,0,-0.516742,-5.295041,6.313820,0.002724,3.148270,3.495771
2.150,0.3,-30,10,-0.495235,-2.466063,7.715243,0.002255,4.117467,2.411695
2.150,0.3,-30,20,-0.440144,0.932748,7.061778,0.001783,3.735482,0.061628
2.150,0.3,-30,30,-0.339203,3.495967,6.180695,0.001474,3.350198,-0.950254
2.150,0.3,-30,50,-0.022149,10.544267,-1.889695,-0.002375,-1.283173,-4.559099
2.150,0.3,-30,70,0.477424,11.449888,-1.162459,-0.004329,-0.938668,-5.252728
2.150,0.3,-30,90,0.884560,9.283464,1.357739,-0.002955,0.465787,-4.734608
2.150,0.3,-20,-90,1.021365,-10.183314,1.064509,0.022185,0.553045,4.954474
2.150,0.3,-20,-70,0.425014,-12.324233,0.019807,0.021291,0.186756,5.433069
2.150,0.3,-20,-50,-0.093566,-10.549788,-1.467740,0.016601,-0.865462,4.827032
2.150,0.3,-20,-30,-0.446438,-7.226504,-1.130199,0.011059,-0.997636,3.440907
2.150,0.3,-20,-20,-0.553700,-5.949748,0.229133,0.007677,-0.250461,3.054143
2.150,0.3,-20,-10,-0.630349,-4.199578,2.228289,0.003250,0.969175,2.260321
2.150,0.3,-20,0,-0.652777,-2.162842,3.036676,0.001362,1.365080,1.520039
2.150,0.3,-20,10,-0.630703,0.093445,3.084464,0.000800,1.458973,0.241486
2.150,0.3,-20,20,-0.555037,2.414513,2.271240,-0.000093,1.174970,-0.725625
2.150,0.3,-20,30,-0.441944,5.261331,-0.510389,-0.001377,-0.408104,-2.106717
2.150,0.3,-20,50,-0.086415,8.398138,-0.648379,-0.001136,-0.410882,-3.642108
2.150,0.3,-20,70,0.427807,10.895569,1.312596,-0.002003,0.839898,-4.776690
2.150,0.3,-20,90,0.931647,8.233813,3.830404,-0.001653,1.419100,-4.202365
2.150,0.3,-10,-90,0.580498,-8.989878,1.905058,0.011986,1.035527,4.398274
2.150,0.3,-10,-70,0.422561,-9.788465,0.381251,0.010645,0.442636,4.394429
2.150,0.3,-10,-50,-0.105638,-8.374009,-0.165049,0.008041,-0.017693,3.956931
2.150,0.3,-10,-30,-0.510193,-4.056640,-0.404007,0.005466,-0.383178,1.624550
2.150,0.3,-10,-20,-0.633289,-2.719205,0.189790,0.003911,-0.017556,1.143639
2.150,0.3,-10,-10,-0.702686,-1.676894,0.354908,0.002195,-0.066080,0.937987
2.150,0.3,-10,0,-0.713755,-0.657775,1.055704,0.000093,0.464971,0.471321
2.150,0.3,-10,10,-0.701703,0.636756,0.907776,-0.000203,0.347952,-0.197805
2.150,0.3,-10,20,-0.631291,2.369078,-0.128146,-0.001000,-0.156398,-0.918200
2.150,0.3,-10,30,-0.504122,3.708487,-0.520937,-0.001285,-0.365862,-1.420516
2.150,0.3,-10,50,-0.120162,7.474002,1.323926,0.000206,1.640174,-3.319417
2.150,0.3,-10,70,0.429853,9.249497,0.489493,-0.001778,0.435129,-4.104767
2.150,0.3,-10,90,0.603095,8.668642,2.313533,-0.001301,1.139274,-4.333520
2.150,0.3,0,-90,0.832126,-8.938999,0.898407,-0.000394,0.834325,4.259978
2.150,0.3,0,-70,0.435136,-9.489818,0.590297,-0.001179,0.476092,4.440406
2.150,0.3,0,-50,-0.125034,-6.378006,0.180017,-0.000867,0.105682,2.671730
2.150,0.3,0,-30,-0.530174,-3.167669,0.282786,-0.000441,0.244181,1.122777
2.150,0.3,0,-20,-0.659175,-1.830146,0.117366,-0.000244,0.103741,0.633491
2.150,0.3,0,-10,-0.719097,-0.703416,0.012328,-0.000065,0.011184,0.241164
2.150,0.3,0,0,-0.687090,-0.017069,-0.009894,0.000000,-0.008982,0.014000
2.150,0.3,0,10,-0.720574,0.691290,-0.007060,0.000057,0.000161,-0.236841
2.150,0.3,0,20,-0.660100,1.783477,0.051319,0.000109,0.068725,-0.627715
2.150,0.3,0,30,-0.526685,3.049417,0.358192,0.000304,0.286562,-1.085104
2.150,0.3,0,50,-0.125584,6.725677,0.029631,-0.000089,-0.034628,-3.044946
2.150,0.3,0,70,0.441979,9.261926,0.397711,-0.000289,0.302387,-4.273419
2.150,0.3,0,90,0.794881,8.883450,1.085785,-0.000129,0.758082,-4.324325
2.150,0.3,10,-90,0.591550,-9.055396,0.015695,-0.012766,0.547495,4.501228
2.150,0.3,10,-70,0.415389,-10.912802,0.415331,-0.012222,0.266677,5.127719
2.150,0.3,10,-50,-0.133071,-7.313823,0.990365,-0.009326,0.628173,3.017562
2.150,0.3,10,-30,-0.509014,-4.312542,0.880711,-0.006247,0.785852,1.853105
2.150,0.3,10,-20,-0.631801,-2.814207,-0.078517,-0.004412,0.122033,1.233429
2.150,0.3,10,-10,-0.702464,-1.666451,-0.358591,-0.002279,0.069235,0.934115
2.150,0.3,10,0,-0.715268,-0.609222,-1.042786,-0.000106,-0.455092,0.440979
2.150,0.3,10,10,-0.702155,0.629558,-0.897023,0.000369,-0.319375,-0.206657
2.150,0.3,10,20,-0.630088,2.424824,0.052109,0.001185,0.213612,-1.023192
2.150,0.3,10,30,-0.502211,3.919780,0.796442,0.001794,0.610384,-1.593010
2.150,0.3,10,50,-0.117226,7.131364,0.371656,0.001718,-0.104831,-3.102727
2.150,0.3,10,70,0.424062,10.046546,-0.240910,0.001632,-0.060237,-4.548048
2.150,0.3,10,90,0.592246,8.528489,-0.395940,0.002197,0.280751,-4.199489
2.150,0.3,20,-90,0.841934,-9.962259,-0.323310,-0.023705,0.794432,5.129363
2.150,0.3,20,-70,0.419031,-12.770363,1.047971,-0.022837,0.722075,5.769332
2.150,0.3,20,-50,-0.101720,-10.007315,2.240132,-0.017836,1.570752,4.383150
2.150,0.3,20,-30,-0.445232,-7.858128,1.422508,-0.011937,1.210906,3.877261
2.150,0.3,20,-20,-0.554117,-5.956662,-0.114232,-0.007693,0.316959,3.034551
2.150,0.3,20,-10,-0.630673,-4.188601,-2.160567,-0.003264,-0.900198,2.281458
2.150,0.3,20,0,-0.653002,-2.396966,-3.036682,-0.001163,-1.369800,1.668359
2.150,0.3,20,10,-0.631844,0.066910,-2.986023,-0.000332,-1.374674,0.261401
2.150,0.3,20,20,-0.556574,2.584139,-1.918382,0.000608,-0.847439,-0.913385
2.150,0.3,20,30,-0.446336,5.342490,0.849979,0.002175,0.945157,-2.411913
2.150,0.3,20,50,-0.093680,8.439821,1.289997,0.002205,0.899548,-3.607993
2.150,0.3,20,70,0.416519,10.909844,-1.362522,0.002212,-0.548361,-4.704568
2.150,0.3,20,90,0.808412,8.397559,-2.018527,0.002388,-0.066675,-4.397494
2.150,0.3,30,-90,0.898579,-12.862576,1.884040,-0.031743,1.431287,6.666654
2.150,0.3,30,-70,0.455154,-14.340883,2.172732,-0.031227,1.662609,6.735415
2.150,0.3,30,-50,-0.042307,-14.359935,2.165177,-0.025106,1.871075,6.781007
2.150,0.3,30,-30,-0.347616,-11.643555,-0.733937,-0.015327,0.357746,6.109870
2.150,0.3,30,-20,-0.439636,-9.566219,-2.404501,-0.008227,-0.803784,5.195521
2.150,0.3,30,-10,-0.504717,-7.327825,-3.697369,-0.003339,-1.495104,3.904252
2.150,0.3,30,0,-0.525732,-4.978314,-5.970658,-0.002350,-2.874540,3.294752
2.150,0.3,30,10,-0.500784,-2.890419,-6.805820,-0.001263,-3.504060,2.404760
2.150,0.3,30,20,-0.436074,-0.100848,-7.331043,-0.000666,-3.725467,0.337053
2.150,0.3,30,30,-0.341479,3.280278,-5.234822,-0.000136,-2.544611,-1.285940
2.150,0.3,30,50,-0.023214,11.221145,2.862816,0.003990,2.214975,-5.165099
2.150,0.3,30,70,0.471206,11.214209,0.996364,0.004686,1.049199,-5.134389
2.150,0.3,30,90,0.902459,8.939936,-1.251693,0.002520,-0.165295,-4.553802
2.150,0.3,50,-90,1.054850,-20.572590,-0.024113,-0.026965,0.601998,11.070398
2.150,0.3,50,-70,0.609433,-21.543783,-0.052521,-0.025382,0.722274,10.816939
2.150,0.3,50,-50,0.218850,-23.528868,-2.102181,-0.020200,-0.041703,12.283813
2.150,0.3,50,-30,0.000297,-18.638815,-6.137969,-0.010184,-2.362959,10.774593
2.150,0.3,50,-20,-0.089045,-16.660433,-7.654996,-0.007730,-3.264450,9.724692
2.150,0.3,50,-10,-0.141370,-15.250603,-9.716651,-0.006420,-4.468865,9.259699
2.150,0.3,50,0,-0.158496,-15.707335,-13.672476,-0.006388,-7.063045,9.174166
2.150,0.3,50,10,-0.146952,-10.582505,-12.000105,-0.004665,-5.930264,6.496928
2.150,0.3,50,20,-0.084954,-8.310343,-12.673400,-0.003778,-6.334889,5.389637
2.150,0.3,50,30,-0.008071,-5.905801,-12.462854,-0.002916,-6.132136,3.813433
2.150,0.3,50,50,0.225117,0.777414,-12.949209,-0.002262,-6.479172,0.687212
2.150,0.3,50,70,0.582405,5.034773,-8.342169,-0.000328,-3.546706,-2.218969
2.150,0.3,50,90,0.980967,5.678055,-6.666882,0.000211,-2.501487,-3.521643
2.150,0.3,70,-90,0.915358,-22.841587,-6.773898,-0.010355,-3.133772,12.843213
2.150,0.3,70,-70,0.755785,-22.260891,-9.197095,-0.010669,-3.562673,12.708858
2.150,0.3,70,-50,0.595518,-22.258360,-9.404045,-0.009389,-3.623944,12.386695
2.150,0.3,70,-30,0.463510,-21.613480,-11.384715,-0.008216,-4.712342,12.070011
2.150,0.3,70,-20,0.413295,-20.714256,-12.674070,-0.007785,-5.413987,11.863054
2.150,0.3,70,-10,0.377859,-19.847075,-14.030637,-0.007477,-6.165092,11.468666
2.150,0.3,70,0,0.359865,-21.342426,-14.123121,-0.008403,-6.524852,10.974478
2.150,0.3,70,10,0.368962,-19.389576,-14.861113,-0.007817,-6.972242,9.986760
2.150,0.3,70,20,0.391543,-17.770721,-15.556241,-0.007225,-7.332124,9.011591
2.150,0.3,70,30,0.433326,-16.106928,-16.118763,-0.006748,-7.590185,8.077127
2.150,0.3,70,50,0.559666,-13.378749,-16.799444,-0.005807,-7.789393,6.323697
2.150,0.3,70,70,0.740082,-10.979179,-16.468819,-0.004860,-7.904770,5.086283
2.150,0.3,70,90,0.885725,-8.850325,-15.659383,-0.004864,-8.093451,4.336903
2.150,0.3,90,-90,0.958697,-20.990692,-13.922053,-0.007169,-7.322608,11.020299
2.150,0.3,90,-70,0.958697,-20.990692,-13.922053,-0.007169,-7.322608,11.020299
2.150,0.3,90,-50,0.958697,-20.990692,-13.922053,-0.007169,-7.322608,11.020299
2.150,0.3,90,-30,0.958697,-20.990692,-13.922053,-0.007169,-7.322608,11.020299
2.150,0.3,90,-20,0.958697,-20.990692,-13.922053,-0.007169,-7.322608,11.020299
2.150,0.3,90,-10,0.958697,-20.990692,-13.922053,-0.007169,-7.322608,11.020299
2.150,0.3,90,0,0.958697,-20.990692,-13.922053,-0.007169,-7.322608,11.020299
2.150,0.3,90,10,0.958697,-20.990692,-13.922053,-0.007169,-7.322608,11.020299
2.150,0.3,90,20,0.958697,-20.990692,-13.922053,-0.007169,-7.322608,11.020299
2.150,0.3,90,30,0.958697,-20.990692,-13.922053,-0.007169,-7.322608,11.020299
2.150,0.3,90,50,0.958697,-20.990692,-13.922053,-0.007169,-7.322608,11.020299
2.150,0.3,90,70,0.958697,-20.990692,-13.922053,-0.007169,-7.322608,11.020299
2.150,0.3,90,90,0.958697,-20.990692,-13.922053,-0.007169,-7.322608,11.020299
