447.6086,2821,353.9,581.1,10.672,0,0,3586,14814,14592
3212.78,2821,353.9,581.1,10.672,0,0,3586,14814,14592
3213,2820.8,353.8,581,10.6719,0,0,3586,14814,14592
3214,2819.8,353.4,580.4,10.6713,0,0,3585,14810,14588
3215,2818.8,353.1,579.8,10.6706,0,0,3584,14807,14585
3216,2817.9,352.7,579.2,10.6701,0,0,3584,14804,14582
3217,2816.9,352.3,578.5,10.6695,0,0,3583,14801,14579
3218,2815.9,352,577.9,10.6689,0,0,3582,14798,14576
3219,2814.9,351.6,577.3,10.6683,0,0,3582,14794,14572
3220,2813.9,351.2,576.7,10.6676,0,0,3581,14791,14569
3221,2813,350.9,576.1,10.6671,0,0,3580,14788,14566
3222,2812,350.5,575.5,10.6665,0,0,3580,14785,14563
3223,2811,350.1,574.9,10.6659,0,0,3579,14781,14559
3224,2810,349.7,574.3,10.6652,0,0,3578,14778,14556
3225,2809.1,349.4,573.7,10.6647,0,0,3578,14775,14553
3226,2808.1,349,573.1,10.6641,0,0,3577,14772,14550
3227,2807.1,348.6,572.5,10.6635,0,0,3576,14769,14547
3228,2806.1,348.3,571.9,10.6628,0,0,3576,14765,14543
3229,2805.1,347.9,571.3,10.6622,0,0,3575,14762,14540
3230,2804.2,347.5,570.7,10.6617,0,0,3574,14759,14537
3231,2803.2,347.2,570,10.6611,0,0,3574,14756,14534
3232,2802.2,346.8,569.4,10.6604,0,0,3573,14752,14530
3233,2801.2,346.4,568.8,10.6598,0,0,3572,14749,14527
3234,2800.3,346,568.2,10.6593,0,0,3572,14746,14524
3235,2799.3,345.7,567.6,10.6587,0,0,3571,14743,14521
3236,2798.3,345.3,567,10.658,0,0,3571,14740,14518
3237,2797.3,344.9,566.4,10.6574,0,0,3570,14736,14514
3238,2796.4,344.6,565.8,10.6569,0,0,3569,14733,14511
3239,2795.4,344.2,565.2,10.6563,0,0,3569,14730,14508
3240,2794.4,343.8,564.6,10.6557,0,0,3568,14727,14505
3241,2793.4,343.4,564,10.655,0,0,3567,14723,14501
3242,2792.4,343.1,563.4,10.6544,0,0,3567,14720,14498
3243,2791.5,342.7,562.8,10.6539,0,0,3566,14717,14495
3244,2790.5,342.3,562.2,10.6533,0,0,3565,14714,14492
3245,2789.5,342,561.5,10.6526,0,0,3565,14711,14489
3246,2788.5,341.6,560.9,10.652,0,0,3564,14707,14485
3247,2787.6,341.2,560.3,10.6515,0,0,3563,14704,14482
3248,2786.6,340.9,559.7,10.6509,0,0,3563,14701,14479
3249,2785.6,340.5,559.1,10.6502,0,0,3562,14698,14476
3250,2784.6,340.1,558.5,10.6496,0,0,3561,14694,14472
3251,2783.6,339.7,557.9,10.649,0,0,3561,14691,14469
3252,2782.7,339.4,557.3,10.6485,0,0,3560,14688,14466
3253,2781.7,339,556.7,10.6478,0,0,3559,14685,14463
3254,2780.7,338.6,556.1,10.6472,0,0,3559,14682,14460
3255,2779.7,338.3,555.5,10.6466,0,0,3558,14678,14456
3256,2778.8,337.9,554.9,10.6461,0,0,3557,14675,14453
3257,2777.8,337.5,554.3,10.6455,0,0,3557,14672,14450
3258,2776.8,337.2,553.7,10.6448,0,0,3556,14669,14447
3259,2775.8,336.8,553,10.6442,0,0,3555,14665,14443
3260,2774.9,336.4,552.4,10.6437,0,0,3555,14662,14440
3261,2773.9,336,551.8,10.6431,0,0,3554,14659,14437
3262,2772.9,335.7,551.2,10.6424,0,0,3553,14656,14434
3263,2771.9,335.3,550.6,10.6418,0,0,3553,14653,14431
3264,2770.9,334.9,550,10.6412,0,0,3552,14649,14427
3265,2770,334.6,549.4,10.6407,0,0,3551,14646,14424
3266,2769,334.2,548.8,10.64,0,0,3551,14643,14421
3267,2768,333.8,548.2,10.6394,0,0,3550,14640,14418
3268,2767,333.5,547.6,10.6388,0,0,3549,14636,14414
3269,2766.1,333.1,547,10.6383,0,0,3549,14633,14411
3270,2765.1,332.7,546.4,10.6376,0,0,3548,14630,14408
3271,2764.1,332.3,545.8,10.637,0,0,3548,14627,14405
3272,2763.1,332,545.2,10.6364,0,0,3547,14624,14402
3273,2762.2,331.6,544.5,10.6359,0,0,3546,14621,14399
3274,2761.2,331.2,543.9,10.6352,0,0,3546,14617,14395
3275,2760.2,330.9,543.3,10.6346,0,0,3545,14614,14392
3276,2759.2,330.5,542.7,10.634,0,0,3544,14611,14389
3277,2758.2,330.1,542.1,10.6334,0,0,3544,14607,14385
3278,2757.3,329.8,541.5,10.6329,0,0,3543,14604,14382
3279,2756.3,329.4,540.9,10.6322,0,0,3542,14601,14379
3280,2755.3,329,540.3,10.6316,0,0,3542,14598,14376
3281,2754.3,328.6,539.7,10.631,0,0,3541,14595,14373
3282,2753.4,328.3,539.1,10.6305,0,0,3540,14592,14370
3283,2752.4,327.9,538.5,10.6298,0,0,3540,14588,14366
3284,2751.4,327.5,537.9,10.6292,0,0,3539,14585,14363
3285,2750.4,327.2,537.3,10.6286,0,0,3538,14582,14360
3286,2749.4,326.8,536.7,10.628,0,0,3538,14578,14356
3287,2748.5,326.4,536,10.6274,0,0,3537,14575,14353
3288,2747.5,326.1,535.4,10.6268,0,0,3536,14572,14350
3289,2746.5,325.7,534.8,10.6262,0,0,3536,14569,14347
3290,2745.5,325.3,534.2,10.6256,0,0,3535,14566,14344
3291,2744.6,324.9,533.6,10.625,0,0,3534,14563,14341
3292,2743.6,324.6,533,10.6244,0,0,3534,14559,14337
3293,2742.6,324.2,532.4,10.6238,0,0,3533,14556,14334
3294,2741.6,323.8,531.8,10.6232,0,0,3532,14553,14331
3295,2740.7,323.5,531.2,10.6226,0,0,3532,14550,14328
3296,2739.7,323.1,530.6,10.622,0,0,3531,14546,14324
3297,2738.7,322.7,530,10.6214,0,0,3530,14543,14321
3298,2737.7,322.3,529.4,10.6208,0,0,3530,14540,14318
3299,2736.7,322,528.8,10.6202,0,0,3529,14537,14315
3300,2735.8,321.6,528.2,10.6196,0,0,3528,14534,14312
3301,2734.8,321.2,527.5,10.619,0,0,3528,14530,14308
3302,2733.8,320.9,526.9,10.6184,0,0,3527,14527,14305
3303,2732.8,320.5,526.3,10.6178,0,0,3526,14524,14302
3304,2731.9,320.1,525.7,10.6172,0,0,3526,14521,14299
3305,2730.9,319.8,525.1,10.6166,0,0,3525,14517,14295
3306,2729.9,319.4,524.5,10.616,0,0,3524,14514,14292
3307,2728.9,319,523.9,10.6154,0,0,3524,14511,14289
3308,2727.9,318.6,523.3,10.6148,0,0,3523,14508,14286
3309,2727,318.3,522.7,10.6142,0,0,3523,14505,14283
3310,2726,317.9,522.1,10.6136,0,0,3522,14501,14279
3311,2725,317.5,521.5,10.613,0,0,3521,14498,14276
3312,2724,317.2,520.9,10.6124,0,0,3521,14495,14273
3313,2723.1,316.8,520.3,10.6118,0,0,3520,14492,14270
3314,2722.1,316.4,519.7,10.6112,0,0,3519,14488,14266
3315,2721.1,316.1,519,10.6105,0,0,3519,14485,14263
3316,2720.1,315.7,518.4,10.6099,0,0,3518,14482,14260
3317,2719.2,315.3,517.8,10.6093,0,0,3517,14479,14257
3318,2718.2,314.9,517.2,10.6087,0,0,3517,14476,14254
3319,2717.2,314.6,516.6,10.608,0,0,3516,14472,14250
3320,2716.2,314.2,516,10.6074,0,0,3515,14469,14247
3321,2715.2,313.8,515.4,10.6068,0,0,3515,14466,14244
3322,2714.3,313.5,514.8,10.6062,0,0,3514,14463,14241
3323,2713.3,313.1,514.2,10.6056,0,0,3513,14460,14238
3324,2712.3,312.7,513.6,10.6049,0,0,3513,14456,14234
3325,2711.3,312.4,513,10.6043,0,0,3512,14453,14231
3326,2710.4,312,512.4,10.6037,0,0,3511,14450,14228
3327,2709.4,311.6,511.8,10.6031,0,0,3511,14447,14225
3328,2708.4,311.2,511.2,10.6025,0,0,3510,14443,14221
3329,2707.4,310.9,510.6,10.6018,0,0,3509,14440,14218
3330,2706.4,310.5,509.9,10.6012,0,0,3509,14437,14215
3331,2705.5,310.1,509.3,10.6006,0,0,3508,14434,14212
3332,2704.5,309.8,508.7,10.6,0,0,3507,14431,14209
3333,2703.5,309.4,508.1,10.5994,0,0,3507,14427,14205
3334,2702.5,309,507.5,10.5987,0,0,3506,14424,14202
3335,2701.6,308.7,506.9,10.5981,0,0,3505,14421,14199
3336,2700.6,308.3,506.3,10.5975,0,0,3505,14418,14196
3337,2699.6,307.9,505.7,10.5969,0,0,3504,14414,14192
3338,2698.6,307.5,505.1,10.5962,0,0,3503,14411,14189
3339,2697.7,307.2,504.5,10.5957,0,0,3503,14408,14186
3340,2696.7,306.8,503.9,10.595,0,0,3502,14405,14183
3341,2695.7,306.4,503.3,10.5944,0,0,3501,14402,14180
3342,2694.7,306.1,502.7,10.5938,0,0,3501,14398,14176
3343,2693.7,305.7,502.1,10.5931,0,0,3500,14395,14173
3344,2692.8,305.3,501.4,10.5926,0,0,3499,14392,14170
3345,2691.8,305,500.8,10.5919,0,0,3499,14389,14167
3346,2690.8,304.6,500.2,10.5913,0,0,3498,14385,14163
3347,2689.8,304.2,499.6,10.5907,0,0,3497,14382,14160
3348,2688.9,303.8,499,10.5901,0,0,3497,14379,14157
3349,2687.9,303.5,498.4,10.5895,0,0,3496,14376,14154
3350,2686.9,303.1,497.8,10.5888,0,0,3495,14373,14151
3351,2685.9,302.7,497.2,10.5882,0,0,3495,14369,14147
3352,2684.9,302.4,496.6,10.5875,0,0,3494,14366,14144
3353,2684,302,496,10.587,0,0,3493,14363,14141
3354,2683,301.6,495.4,10.5863,0,0,3493,14360,14138
3355,2682,301.2,494.8,10.5857,0,0,3492,14357,14135
3356,2681,300.9,494.2,10.5851,0,0,3491,14353,14131
3357,2680.1,300.5,493.6,10.5845,0,0,3491,14350,14128
3358,2679.1,300.1,492.9,10.5839,0,0,3490,14347,14125
3359,2678.1,299.8,492.3,10.5832,0,0,3489,14344,14122
3360,2677.1,299.4,491.7,10.5826,0,0,3489,14340,14118
3361,2676.2,299,491.1,10.582,0,0,3488,14337,14115
3362,2675.2,298.7,490.5,10.5814,0,0,3487,14334,14112
3363,2674.2,298.3,489.9,10.5808,0,0,3487,14331,14109
3364,2673.2,297.9,489.3,10.5801,0,0,3486,14328,14106
3365,2672.2,297.5,488.7,10.5795,0,0,3485,14324,14102
3366,2671.3,297.2,488.1,10.5789,0,0,3485,14321,14099
3367,2670.3,296.8,487.5,10.5783,0,0,3484,14318,14096
3368,2669.3,296.4,486.9,10.5776,0,0,3483,14315,14093
3369,2668.3,296.1,486.3,10.577,0,0,3483,14311,14089
3370,2667.4,295.7,485.7,10.5764,0,0,3482,14308,14086
3371,2666.4,295.3,485.1,10.5758,0,0,3481,14305,14083
3372,2665.4,295,484.4,10.5752,0,0,3481,14302,14080
3373,2664.4,294.6,483.8,10.5745,0,0,3480,14299,14077
3374,2663.4,294.2,483.2,10.5739,0,0,3479,14295,14073
3375,2662.5,293.8,482.6,10.5733,0,0,3479,14292,14070
3376,2661.5,293.5,482,10.5727,0,0,3478,14289,14067
3377,2660.5,293.1,481.4,10.5721,0,0,3477,14286,14064
3378,2659.5,292.7,480.8,10.5714,0,0,3477,14282,14060
3379,2658.6,292.4,480.2,10.5709,0,0,3476,14280,14058
3380,2657.6,292,479.6,10.5702,0,0,3475,14276,14054
3381,2656.6,291.6,479,10.5696,0,0,3475,14273,14051
3382,2655.6,291.3,478.4,10.5689,0,0,3474,14270,14048
3383,2654.7,290.9,477.8,10.5684,0,0,3473,14267,14045
3384,2653.7,290.5,477.2,10.5677,0,0,3473,14263,14041
3385,2652.7,290.1,476.6,10.5671,0,0,3472,14260,14038
3386,2651.7,289.8,475.9,10.5665,0,0,3471,14257,14035
3387,2650.7,289.4,475.3,10.5658,0,0,3471,14254,14032
3388,2649.8,289,474.7,10.5653,0,0,3470,14251,14029
3389,2648.8,288.7,474.1,10.5646,0,0,3469,14247,14025
3390,2647.8,288.3,473.5,10.564,0,0,3469,14244,14022
3391,2646.8,287.9,472.9,10.5634,0,0,3468,14241,14019
3392,2645.9,287.6,472.3,10.5628,0,0,3467,14238,14016
3393,2644.9,287.2,471.7,10.5622,0,0,3467,14234,14012
3394,2643.9,286.8,471.1,10.5615,0,0,3466,14231,14009
3395,2642.9,286.4,470.5,10.5609,0,0,3465,14228,14006
3396,2641.9,286.1,469.9,10.5603,0,0,3465,14225,14003
3397,2641,285.7,469.3,10.5597,0,0,3464,14222,14000
3398,2640,285.3,468.7,10.559,0,0,3463,14218,13996
3399,2639,285,468.1,10.5584,0,0,3463,14215,13993
3400,2638,284.6,467.4,10.5578,0,0,3462,14212,13990
3401,2637.1,284.2,466.8,10.5572,0,0,3461,14209,13987
3402,2636.1,283.9,466.2,10.5566,0,0,3461,14205,13983
3403,2635.1,283.5,465.6,10.5559,0,0,3460,14202,13980
3404,2634.1,283.1,465,10.5553,0,0,3459,14199,13977
3405,2633.2,282.7,464.4,10.5547,0,0,3459,14196,13974
3406,2632.2,282.4,463.8,10.5541,0,0,3458,14193,13971
3407,2631.2,282,463.2,10.5535,0,0,3457,14189,13967
3408,2630.2,281.6,462.6,10.5528,0,0,3457,14186,13964
3409,2629.2,281.3,462,10.5522,0,0,3456,14183,13961
3410,2628.3,280.9,461.4,10.5516,0,0,3455,14180,13958
3411,2627.3,280.5,460.8,10.5509,0,0,3455,14176,13954
3412,2626.3,280.1,460.2,10.5503,0,0,3454,14173,13951
3413,2625.3,279.8,459.6,10.5496,0,0,3453,14170,13948
3414,2624.4,279.4,458.9,10.549,0,0,3453,14167,13945
3415,2623.4,279,458.3,10.5483,0,0,3452,14164,13942
3416,2622.4,278.7,457.7,10.5477,0,0,3451,14160,13938
3417,2621.4,278.3,457.1,10.547,0,0,3451,14157,13935
3418,2620.4,277.9,456.5,10.5463,0,0,3450,14154,13932
3419,2619.5,277.6,455.9,10.5457,0,0,3449,14151,13929
3420,2618.5,277.2,455.3,10.5451,0,0,3449,14147,13925
3421,2617.5,276.8,454.7,10.5444,0,0,3448,14144,13922
3422,2616.5,276.4,454.1,10.5437,0,0,3447,14141,13919
3423,2615.6,276.1,453.5,10.5431,0,0,3447,14138,13916
3424,2614.6,275.7,452.9,10.5425,0,0,3446,14134,13912
3425,2613.6,275.3,452.3,10.5418,0,0,3445,14131,13909
3426,2612.6,275,451.7,10.5411,0,0,3445,14128,13906
3427,2611.7,274.6,451.1,10.5405,0,0,3444,14125,13903
3428,2610.7,274.2,450.5,10.5399,0,0,3443,14121,13899
3429,2609.7,273.9,449.8,10.5392,0,0,3443,14118,13896
3430,2608.7,273.5,449.2,10.5385,0,0,3442,14115,13893
3431,2607.7,273.1,448.6,10.5379,0,0,3441,14111,13889
3432,2606.8,272.7,448,10.5373,0,0,3441,14108,13886
3433,2605.8,272.4,447.4,10.5366,0,0,3440,14105,13883
3434,2604.8,272,446.8,10.5359,0,0,3439,14102,13880
3435,2603.8,271.6,446.2,10.5353,0,0,3439,14098,13876
3436,2602.9,271.3,445.6,10.5347,0,0,3438,14096,13874
3437,2601.9,270.9,445,10.534,0,0,3437,14092,13870
3438,2600.9,270.5,444.4,10.5333,0,0,3437,14089,13867
3439,2599.9,270.2,443.8,10.5327,0,0,3436,14086,13864
3440,2598.9,269.8,443.2,10.532,0,0,3435,14082,13860
3441,2598,269.4,442.6,10.5314,0,0,3435,14079,13857
3442,2597,269,442,10.5307,0,0,3434,14076,13854
3443,2596,268.7,441.3,10.5301,0,0,3433,14073,13851
3444,2595,268.3,440.7,10.5294,0,0,3433,14069,13847
3445,2594.1,267.9,440.1,10.5288,0,0,3432,14066,13844
3446,2593.1,267.6,439.5,10.5281,0,0,3431,14063,13841
3447,2592.1,267.2,438.9,10.5275,0,0,3431,14060,13838
3448,2591.1,266.8,438.3,10.5268,0,0,3430,14056,13834
3449,2590.2,266.5,437.7,10.5262,0,0,3429,14053,13831
3450,2589.2,266.1,437.1,10.5255,0,0,3429,14050,13828
3451,2588.2,265.7,436.5,10.5249,0,0,3428,14047,13825
3452,2587.2,265.3,435.9,10.5242,0,0,3427,14043,13821
3453,2586.2,265,435.3,10.5235,0,0,3427,14040,13818
3454,2585.3,264.6,434.7,10.5229,0,0,3426,14037,13815
3455,2584.3,264.2,434.1,10.5223,0,0,3425,14034,13812
3456,2583.3,263.9,433.5,10.5216,0,0,3425,14030,13808
3457,2582.3,263.5,432.8,10.5209,0,0,3424,14027,13805
3458,2581.4,263.1,432.2,10.5203,0,0,3423,14024,13802
3459,2580.4,262.8,431.6,10.5197,0,0,3423,14021,13799
3460,2579.4,262.4,431,10.519,0,0,3422,14018,13796
3461,2578.4,262,430.4,10.5183,0,0,3421,14014,13792
3462,2577.5,261.6,429.8,10.5177,0,0,3421,14011,13789
3463,2576.5,261.3,429.2,10.5171,0,0,3420,14008,13786
3464,2575.5,260.9,428.6,10.5164,0,0,3419,14005,13783
3465,2574.5,260.5,428,10.5157,0,0,3419,14001,13779
3466,2573.5,260.2,427.4,10.5151,0,0,3418,13998,13776
3467,2572.6,259.8,426.8,10.5145,0,0,3417,13995,13773
3468,2571.6,259.4,426.2,10.5138,0,0,3417,13992,13770
3469,2570.6,259,425.6,10.5131,0,0,3416,13988,13766
3470,2569.6,258.7,425,10.5125,0,0,3415,13985,13763
3471,2568.7,258.3,424.3,10.5119,0,0,3415,13982,13760
3472,2567.7,257.9,423.7,10.5112,0,0,3414,13979,13757
3473,2566.7,257.6,423.1,10.5105,0,0,3413,13975,13753
3474,2565.7,257.2,422.5,10.5099,0,0,3413,13972,13750
3475,2564.7,256.8,421.9,10.5092,0,0,3412,13969,13747
3476,2563.8,256.5,421.3,10.5086,0,0,3411,13966,13744
3477,2562.8,256.1,420.7,10.5079,0,0,3411,13962,13740
3478,2561.8,255.7,420.1,10.5073,0,0,3410,13959,13737
3479,2560.8,255.3,419.5,10.5066,0,0,3409,13956,13734
3480,2559.9,255,418.9,10.506,0,0,3409,13953,13731
3481,2558.9,254.6,418.3,10.5053,0,0,3408,13949,13727
3482,2557.9,254.2,417.7,10.5047,0,0,3407,13946,13724
3483,2556.9,253.9,417.1,10.504,0,0,3407,13943,13721
3484,2556,253.5,416.5,10.5034,0,0,3406,13940,13718
3485,2555,253.1,415.8,10.5027,0,0,3405,13937,13715
3486,2554,252.8,415.2,10.5021,0,0,3405,13933,13711
3487,2553,252.4,414.6,10.5014,0,0,3404,13930,13708
3488,2552,252,414,10.5007,0,0,3403,13927,13705
3489,2551.1,251.6,413.4,10.5001,0,0,3403,13924,13702
3490,2550.1,251.3,412.8,10.4995,0,0,3402,13920,13698
3491,2549.1,250.9,412.2,10.4988,0,0,3401,13917,13695
3492,2548.1,250.5,411.6,10.4981,0,0,3401,13914,13692
3493,2547.2,250.2,411,10.4975,0,0,3400,13911,13689
3494,2546.2,249.8,410.4,10.4969,0,0,3399,13907,13685
3495,2545.2,249.4,409.8,10.4962,0,0,3399,13904,13682
3496,2544.2,249.1,409.2,10.4955,0,0,3398,13901,13679
3497,2543.2,248.7,408.6,10.4949,0,0,3397,13897,13675
3498,2542.3,248.3,408,10.4943,0,0,3397,13894,13672
3499,2541.3,247.9,407.3,10.4936,0,0,3396,13891,13669
3500,2540.3,247.6,406.7,10.4929,0,0,3395,13888,13666
3501,2539.3,247.2,406.1,10.4923,0,0,3395,13884,13662
3502,2538.4,246.8,405.5,10.4917,0,0,3394,13881,13659
3503,2537.4,246.5,404.9,10.491,0,0,3393,13878,13656
3504,2536.4,246.1,404.3,10.4903,0,0,3393,13875,13653
3505,2535.4,245.7,403.7,10.4897,0,0,3392,13871,13649
3506,2534.5,245.4,403.1,10.4891,0,0,3391,13869,13647
3507,2533.5,245,402.5,10.4884,0,0,3391,13865,13643
3508,2532.5,244.6,401.9,10.4877,0,0,3390,13862,13640
3509,2531.5,244.2,401.3,10.487,0,0,3389,13859,13637
3510,2530.5,243.9,400.7,10.4863,0,0,3389,13855,13633
3511,2529.6,243.5,400.1,10.4857,0,0,3388,13852,13630
3512,2528.6,243.1,399.5,10.485,0,0,3387,13849,13627
3513,2527.6,242.8,398.8,10.4843,0,0,3387,13845,13623
3514,2526.6,242.4,398.2,10.4836,0,0,3386,13842,13620
3515,2525.7,242,397.6,10.483,0,0,3385,13839,13617
3516,2524.7,241.7,397,10.4823,0,0,3385,13836,13614
3517,2523.7,241.3,396.4,10.4816,0,0,3384,13832,13610
3518,2522.7,240.9,395.8,10.4809,0,0,3383,13829,13607
3519,2521.7,240.5,395.2,10.4802,0,0,3383,13826,13604
3520,2520.8,240.2,394.6,10.4796,0,0,3382,13823,13601
3521,2519.8,239.8,394,10.4789,0,0,3381,13819,13597
3522,2518.8,239.4,393.4,10.4782,0,0,3381,13816,13594
3523,2517.8,239.1,392.8,10.4775,0,0,3380,13813,13591
3524,2516.9,238.7,392.2,10.4768,0,0,3379,13810,13588
3525,2515.9,238.3,391.6,10.4761,0,0,3379,13806,13584
3526,2514.9,238,391,10.4755,0,0,3378,13803,13581
3527,2513.9,237.6,390.3,10.4748,0,0,3377,13800,13578
3528,2513,237.2,389.7,10.4741,0,0,3377,13797,13575
3529,2512,236.8,389.1,10.4734,0,0,3376,13793,13571
3530,2511,236.5,388.5,10.4727,0,0,3375,13790,13568
3531,2510,236.1,387.9,10.472,0,0,3375,13786,13564
3532,2509,235.7,387.3,10.4713,0,0,3374,13783,13561
3533,2508.1,235.4,386.7,10.4707,0,0,3373,13780,13558
3534,2507.1,235,386.1,10.47,0,0,3373,13777,13555
3535,2506.1,234.6,385.5,10.4693,0,0,3372,13773,13551
3536,2505.1,234.2,384.9,10.4686,0,0,3371,13770,13548
3537,2504.2,233.9,384.3,10.468,0,0,3371,13767,13545
3538,2503.2,233.5,383.7,10.4673,0,0,3370,13764,13542
3539,2502.2,233.1,383.1,10.4666,0,0,3369,13760,13538
3540,2501.2,232.8,382.5,10.4659,0,0,3368,13757,13535
3541,2500.2,232.4,381.9,10.4652,0,0,3368,13754,13532
3542,2499.3,232,381.2,10.4646,0,0,3367,13751,13529
3543,2498.3,231.7,380.6,10.4639,0,0,3367,13747,13525
3544,2497.3,231.3,380,10.4632,0,0,3366,13744,13522
3545,2496.3,230.9,379.4,10.4625,0,0,3365,13741,13519
3546,2495.4,230.5,378.8,10.4619,0,0,3365,13738,13516
3547,2494.4,230.2,378.2,10.4612,0,0,3364,13734,13512
3548,2493.4,229.8,377.6,10.4605,0,0,3363,13731,13509
3549,2492.4,229.4,377,10.4598,0,0,3362,13728,13506
3550,2491.5,229.1,376.4,10.4591,0,0,3362,13725,13503
3551,2490.5,228.7,375.8,10.4584,0,0,3361,13721,13499
3552,2489.5,228.3,375.2,10.4577,0,0,3360,13718,13496
3553,2488.5,228,374.6,10.457,0,0,3360,13714,13492
3554,2487.5,227.6,374,10.4563,0,0,3359,13711,13489
3555,2486.6,227.2,373.4,10.4557,0,0,3358,13708,13486
3556,2485.6,226.8,372.7,10.455,0,0,3358,13705,13483
3557,2484.6,226.5,372.1,10.4543,0,0,3357,13701,13479
3558,2483.6,226.1,371.5,10.4536,0,0,3356,13698,13476
3559,2482.7,225.7,370.9,10.453,0,0,3356,13695,13473
3560,2481.7,225.4,370.3,10.4523,0,0,3355,13692,13470
3561,2480.7,225,369.7,10.4516,0,0,3354,13688,13466
3562,2479.7,224.6,369.1,10.4509,0,0,3354,13685,13463
3563,2478.7,224.3,368.5,10.4502,0,0,3353,13682,13460
3564,2477.8,223.9,367.9,10.4496,0,0,3352,13679,13457
3565,2476.8,223.5,367.3,10.4489,0,0,3352,13675,13453
3566,2475.8,223.1,366.7,10.4482,0,0,3351,13672,13450
3567,2474.8,222.8,366.1,10.4475,0,0,3350,13669,13447
3568,2473.9,222.4,365.5,10.4469,0,0,3350,13666,13444
3569,2472.9,222,364.9,10.4462,0,0,3349,13662,13440
3570,2471.9,221.7,364.2,10.4455,0,0,3348,13659,13437
3571,2470.9,221.3,363.6,10.4448,0,0,3348,13656,13434
3572,2470,220.9,363,10.4441,0,0,3347,13653,13431
3573,2469,220.6,362.4,10.4434,0,0,3346,13649,13427
3574,2468,220.2,361.8,10.4428,0,0,3346,13646,13424
3575,2467,219.8,361.2,10.4421,0,0,3345,13642,13420
3576,2466,219.4,360.6,10.4414,0,0,3344,13639,13417
3577,2465.1,219.1,360,10.4407,0,0,3344,13636,13414
3578,2464.1,218.7,359.4,10.44,0,0,3343,13633,13411
3579,2463.1,218.3,358.8,10.4393,0,0,3342,13629,13407
3580,2462.1,218,358.2,10.4386,0,0,3342,13626,13404
3581,2461.2,217.6,357.6,10.438,0,0,3341,13623,13401
3582,2460.2,217.2,357,10.4373,0,0,3340,13620,13398
3583,2459.2,216.9,356.4,10.4366,0,0,3340,13616,13394
3584,2458.2,216.5,355.7,10.4359,0,0,3339,13613,13391
3585,2457.2,216.1,355.1,10.4352,0,0,3338,13610,13388
3586,2456.3,215.7,354.5,10.4346,0,0,3338,13607,13385
3587,2455.3,215.4,353.9,10.4339,0,0,3337,13603,13381
3588,2454.3,215,353.3,10.4332,0,0,3336,13600,13378
3589,2453.3,214.6,352.7,10.4325,0,0,3336,13597,13375
3590,2452.4,214.3,352.1,10.4319,0,0,3335,13594,13372
3591,2451.4,213.9,351.5,10.4312,0,0,3334,13590,13368
3592,2450.4,213.5,350.9,10.4305,0,0,3334,13587,13365
3593,2449.4,213.1,350.3,10.4298,0,0,3333,13584,13362
3594,2448.5,212.8,349.7,10.4292,0,0,3332,13580,13358
3595,2447.5,212.4,349.1,10.4285,0,0,3332,13577,13355
3596,2446.5,212,348.5,10.4278,0,0,3331,13574,13352
3597,2445.5,211.7,347.9,10.4271,0,0,3330,13570,13348
3598,2444.5,211.3,347.2,10.4264,0,0,3330,13567,13345
3599,2443.6,210.9,346.6,10.4257,0,0,3329,13564,13342
3600,2442.6,210.6,346,10.425,0,0,3328,13561,13339
3601,2441.6,210.2,345.4,10.4243,0,0,3328,13557,13335
3602,2440.6,209.8,344.8,10.4236,0,0,3327,13554,13332
3603,2439.7,209.4,344.2,10.423,0,0,3326,13551,13329
3604,2438.7,209.1,343.6,10.4223,0,0,3326,13548,13326
3605,2437.7,208.7,343,10.4216,0,0,3325,13544,13322
3606,2436.7,208.3,342.4,10.4209,0,0,3324,13541,13319
3607,2435.7,208,341.8,10.4202,0,0,3324,13538,13316
3608,2434.8,207.6,341.2,10.4195,0,0,3323,13535,13313
3609,2433.8,207.2,340.6,10.4188,0,0,3322,13531,13309
3610,2432.8,206.9,340,10.4181,0,0,3322,13528,13306
3611,2431.8,206.5,339.4,10.4174,0,0,3321,13524,13302
3612,2430.9,206.1,338.7,10.4167,0,0,3320,13521,13299
3613,2429.9,205.7,338.1,10.416,0,0,3320,13518,13296
3614,2428.9,205.4,337.5,10.4152,0,0,3319,13514,13292
3615,2427.9,205,336.9,10.4145,0,0,3318,13511,13289
3616,2427,204.6,336.3,10.4139,0,0,3318,13508,13286
3617,2426,204.3,335.7,10.4131,0,0,3317,13505,13283
3618,2425,203.9,335.1,10.4124,0,0,3316,13501,13279
3619,2424,203.5,334.5,10.4117,0,0,3316,13498,13276
3620,2423,203.2,333.9,10.4109,0,0,3315,13494,13272
3621,2422.1,202.8,333.3,10.4103,0,0,3314,13491,13269
3622,2421.1,202.4,332.7,10.4096,0,0,3314,13488,13266
3623,2420.1,202,332.1,10.4088,0,0,3313,13485,13263
3624,2419.1,201.7,331.5,10.4081,0,0,3312,13481,13259
3625,2418.2,201.3,330.9,10.4074,0,0,3312,13478,13256
3626,2417.2,200.9,330.2,10.4067,0,0,3311,13475,13253
3627,2416.2,200.6,329.6,10.406,0,0,3310,13471,13249
3628,2415.2,200.2,329,10.4053,0,0,3310,13468,13246
3629,2414.3,199.8,328.4,10.4046,0,0,3309,13465,13243
3630,2413.3,199.5,327.8,10.4039,0,0,3308,13462,13240
3631,2412.3,199.1,327.2,10.4031,0,0,3308,13458,13236
3632,2411.3,198.7,326.6,10.4024,0,0,3307,13455,13233
3633,2410.3,198.3,326,10.4017,0,0,3306,13451,13229
3634,2409.4,198,325.4,10.401,0,0,3306,13448,13226
3635,2408.4,197.6,324.8,10.4003,0,0,3305,13445,13223
3636,2407.4,197.2,324.2,10.3996,0,0,3304,13442,13220
3637,2406.4,196.9,323.6,10.3988,0,0,3304,13438,13216
3638,2405.5,196.5,323,10.3982,0,0,3303,13435,13213
3639,2404.5,196.1,322.4,10.3974,0,0,3302,13432,13210
3640,2403.5,195.8,321.7,10.3967,0,0,3302,13428,13206
3641,2402.5,195.4,321.1,10.396,0,0,3301,13425,13203
3642,2401.5,195,320.5,10.3953,0,0,3300,13422,13200
3643,2400.6,194.6,319.9,10.3946,0,0,3300,13418,13196
3644,2399.6,194.3,319.3,10.3939,0,0,3299,13415,13193
3645,2398.6,193.9,318.7,10.3931,0,0,3298,13412,13190
3646,2397.6,193.5,318.1,10.3924,0,0,3298,13408,13186
3647,2396.7,193.2,317.5,10.3918,0,0,3297,13405,13183
3648,2395.7,192.8,316.9,10.391,0,0,3296,13402,13180
3649,2394.7,192.4,316.3,10.3903,0,0,3296,13398,13176
3650,2393.7,192,315.7,10.3896,0,0,3295,13395,13173
3651,2392.8,191.7,315.1,10.3889,0,0,3294,13392,13170
3652,2391.8,191.3,314.5,10.3882,0,0,3294,13389,13167
3653,2390.8,190.9,313.9,10.3875,0,0,3293,13385,13163
3654,2389.8,190.6,313.3,10.3867,0,0,3292,13382,13160
3655,2388.8,190.2,312.6,10.386,0,0,3292,13378,13156
3656,2387.9,189.8,312,10.3853,0,0,3291,13375,13153
3657,2386.9,189.5,311.4,10.3846,0,0,3290,13372,13150
3658,2385.9,189.1,310.8,10.3839,0,0,3290,13369,13147
3659,2384.9,188.7,310.2,10.3832,0,0,3289,13365,13143
3660,2384,188.3,309.6,10.3825,0,0,3288,13362,13140
3661,2383,188,309,10.3818,0,0,3288,13359,13137
3662,2382,187.6,308.4,10.381,0,0,3287,13355,13133
3663,2381,187.2,307.8,10.3803,0,0,3286,13352,13130
3664,2380,186.9,307.2,10.3796,0,0,3286,13349,13127
3665,2379.1,186.5,306.6,10.3789,0,0,3285,13346,13124
3666,2378.1,186.1,306,10.3782,0,0,3284,13342,13120
3667,2377.1,185.8,305.4,10.3775,0,0,3284,13339,13117
3668,2376.1,185.4,304.8,10.3767,0,0,3283,13335,13113
3669,2375.2,185,304.1,10.3761,0,0,3282,13332,13110
3670,2374.2,184.6,303.5,10.3754,0,0,3282,13329,13107
3671,2373.2,184.3,302.9,10.3746,0,0,3281,13326,13104
3672,2372.2,183.9,302.3,10.3739,0,0,3280,13322,13100
3673,2371.3,183.5,301.7,10.3732,0,0,3280,13319,13097
3674,2370.3,183.2,301.1,10.3725,0,0,3279,13316,13094
3675,2369.3,182.8,300.5,10.3718,0,0,3278,13312,13090
3676,2368.3,182.4,299.9,10.3711,0,0,3278,13309,13087
3677,2367.3,182.1,299.3,10.3703,0,0,3277,13306,13084
3678,2366.4,181.7,298.7,10.3697,0,0,3276,13302,13080
3679,2365.4,181.3,298.1,10.3689,0,0,3276,13299,13077
3680,2364.4,180.9,297.5,10.3682,0,0,3275,13296,13074
3681,2363.4,180.6,296.9,10.3675,0,0,3274,13292,13070
3682,2362.5,180.2,296.3,10.3668,0,0,3274,13289,13067
3683,2361.5,179.8,295.6,10.3661,0,0,3273,13286,13064
3684,2360.5,179.5,295,10.3654,0,0,3272,13282,13060
3685,2359.5,179.1,294.4,10.3646,0,0,3271,13279,13057
3686,2358.5,178.7,293.8,10.3639,0,0,3271,13276,13054
3687,2357.6,178.4,293.2,10.3633,0,0,3270,13273,13051
3688,2356.6,178,292.6,10.3625,0,0,3270,13269,13047
3689,2355.6,177.6,292,10.3618,0,0,3269,13266,13044
3690,2354.6,177.2,291.4,10.3611,0,0,3268,13262,13040
3691,2353.7,176.9,290.8,10.3604,0,0,3268,13259,13037
3692,2352.7,176.5,290.2,10.3597,0,0,3267,13256,13034
3693,2351.7,176.1,289.6,10.3589,0,0,3266,13253,13031
3694,2350.7,175.8,289,10.3582,0,0,3265,13249,13027
3695,2349.8,175.4,288.4,10.3576,0,0,3265,13246,13024
3696,2348.8,175,287.8,10.3568,0,0,3264,13243,13021
3697,2347.8,174.7,287.1,10.3561,0,0,3263,13239,13017
3698,2346.8,174.3,286.5,10.3554,0,0,3263,13236,13014
3699,2345.8,173.9,285.9,10.3546,0,0,3262,13233,13011
3700,2344.9,173.5,285.3,10.354,0,0,3262,13230,13008
3701,2343.9,173.2,284.7,10.3533,0,0,3261,13226,13004
3702,2342.9,172.8,284.1,10.3525,0,0,3260,13223,13001
3703,2341.9,172.4,283.5,10.3518,0,0,3259,13219,12997
3704,2341,172.1,282.9,10.3511,0,0,3259,13216,12994
3705,2340,171.7,282.3,10.3504,0,0,3258,13213,12991
3706,2339,171.3,281.7,10.3496,0,0,3257,13209,12987
3707,2338,170.9,281.1,10.3488,0,0,3257,13206,12984
3708,2337,170.6,280.5,10.348,0,0,3256,13202,12980
3709,2336.1,170.2,279.9,10.3473,0,0,3255,13199,12977
3710,2335.1,169.8,279.3,10.3465,0,0,3255,13196,12974
3711,2334.1,169.5,278.6,10.3457,0,0,3254,13192,12970
3712,2333.1,169.1,278,10.3449,0,0,3253,13189,12967
3713,2332.2,168.7,277.4,10.3442,0,0,3253,13186,12964
3714,2331.2,168.4,276.8,10.3434,0,0,3252,13182,12960
3715,2330.2,168,276.2,10.3426,0,0,3251,13179,12957
3716,2329.2,167.6,275.6,10.3418,0,0,3251,13175,12953
3717,2328.3,167.2,275,10.3411,0,0,3250,13172,12950
3718,2327.3,166.9,274.4,10.3403,0,0,3249,13169,12947
3719,2326.3,166.5,273.8,10.3395,0,0,3249,13165,12943
3720,2325.3,166.1,273.2,10.3387,0,0,3248,13162,12940
3721,2324.3,165.8,272.6,10.3379,0,0,3247,13158,12936
3722,2323.4,165.4,272,10.3372,0,0,3247,13155,12933
3723,2322.4,165,271.4,10.3364,0,0,3246,13152,12930
3724,2321.4,164.7,270.8,10.3356,0,0,3245,13148,12926
3725,2320.4,164.3,270.1,10.3349,0,0,3245,13145,12923
3726,2319.5,163.9,269.5,10.3341,0,0,3244,13142,12920
3727,2318.5,163.5,268.9,10.3334,0,0,3243,13138,12916
3728,2317.5,163.2,268.3,10.3326,0,0,3243,13135,12913
3729,2316.5,162.8,267.7,10.3318,0,0,3242,13131,12909
3730,2315.5,162.4,267.1,10.331,0,0,3241,13128,12906
3731,2314.6,162.1,266.5,10.3303,0,0,3241,13125,12903
3732,2313.6,161.7,265.9,10.3295,0,0,3240,13121,12899
3733,2312.6,161.3,265.3,10.3287,0,0,3239,13118,12896
3734,2311.6,161,264.7,10.3279,0,0,3239,13114,12892
3735,2310.7,160.6,264.1,10.3272,0,0,3238,13111,12889
3736,2309.7,160.2,263.5,10.3264,0,0,3237,13108,12886
3737,2308.7,159.8,262.9,10.3256,0,0,3237,13104,12882
3738,2307.7,159.5,262.3,10.3248,0,0,3236,13101,12879
3739,2306.8,159.1,261.6,10.3241,0,0,3235,13098,12876
3740,2305.8,158.7,261,10.3233,0,0,3235,13094,12872
3741,2304.8,158.4,260.4,10.3225,0,0,3234,13091,12869
3742,2303.8,158,259.8,10.3217,0,0,3233,13087,12865
3743,2302.8,157.6,259.2,10.3209,0,0,3233,13084,12862
3744,2301.9,157.3,258.6,10.3202,0,0,3232,13081,12859
3745,2300.9,156.9,258,10.3194,0,0,3231,13077,12855
3746,2299.9,156.5,257.4,10.3186,0,0,3231,13074,12852
3747,2298.9,156.1,256.8,10.3178,0,0,3230,13070,12848
3748,2298,155.8,256.2,10.3171,0,0,3229,13067,12845
3749,2297,155.4,255.6,10.3163,0,0,3229,13064,12842
3750,2296,155,255,10.3156,0,0,3228,13060,12838
3751,2295,154.7,254.4,10.3148,0,0,3227,13057,12835
3752,2294,154.3,253.8,10.314,0,0,3227,13053,12831
3753,2293.1,153.9,253.1,10.3133,0,0,3226,13050,12828
3754,2292.1,153.6,252.5,10.3125,0,0,3225,13047,12825
3755,2291.1,153.2,251.9,10.3117,0,0,3225,13043,12821
3756,2290.1,152.8,251.3,10.3109,0,0,3224,13040,12818
3757,2289.2,152.4,250.7,10.3102,0,0,3223,13037,12815
3758,2288.2,152.1,250.1,10.3094,0,0,3223,13033,12811
3759,2287.2,151.7,249.5,10.3086,0,0,3222,13030,12808
3760,2286.2,151.3,248.9,10.3078,0,0,3221,13026,12804
3761,2285.3,151,248.3,10.3071,0,0,3221,13023,12801
3762,2284.3,150.6,247.7,10.3063,0,0,3220,13020,12798
3763,2283.3,150.2,247.1,10.3055,0,0,3219,13016,12794
3764,2282.3,149.8,246.5,10.3047,0,0,3219,13013,12791
3765,2281.3,149.5,245.9,10.3039,0,0,3218,13009,12787
3766,2280.4,149.1,245.3,10.3032,0,0,3217,13006,12784
3767,2279.4,148.7,244.7,10.3024,0,0,3217,13003,12781
3768,2278.4,148.4,244,10.3016,0,0,3216,12999,12777
3769,2277.4,148,243.4,10.3008,0,0,3215,12996,12774
3770,2276.5,147.6,242.8,10.3001,0,0,3215,12993,12771
3771,2275.5,147.3,242.2,10.2993,0,0,3214,12989,12767
3772,2274.5,146.9,241.6,10.2985,0,0,3213,12986,12764
3773,2273.5,146.5,241,10.2977,0,0,3213,12982,12760
3774,2272.5,146.1,240.4,10.297,0,0,3212,12979,12757
3775,2271.6,145.8,239.8,10.2962,0,0,3211,12976,12754
3776,2270.6,145.4,239.2,10.2955,0,0,3211,12972,12750
3777,2269.6,145,238.6,10.2947,0,0,3210,12969,12747
3778,2268.6,144.7,238,10.2939,0,0,3209,12965,12743
3779,2267.7,144.3,237.4,10.2932,0,0,3209,12962,12740
3780,2266.7,143.9,236.8,10.2924,0,0,3208,12959,12737
3781,2265.7,143.6,236.2,10.2916,0,0,3207,12955,12733
3782,2264.7,143.2,235.5,10.2908,0,0,3207,12952,12730
3783,2263.8,142.8,234.9,10.2901,0,0,3206,12949,12727
3784,2262.8,142.4,234.3,10.2893,0,0,3205,12945,12723
3785,2261.8,142.1,233.7,10.2885,0,0,3205,12942,12720
3786,2260.8,141.7,233.1,10.2877,0,0,3204,12938,12716
3787,2259.8,141.3,232.5,10.2869,0,0,3203,12935,12713
3788,2258.9,141,231.9,10.2862,0,0,3203,12932,12710
3789,2257.9,140.6,231.3,10.2854,0,0,3202,12928,12706
3790,2256.9,140.2,230.7,10.2846,0,0,3201,12925,12703
3791,2255.9,139.9,230.1,10.2838,0,0,3201,12921,12699
3792,2255,139.5,229.5,10.2831,0,0,3200,12918,12696
3793,2254,139.1,228.9,10.2823,0,0,3199,12915,12693
3794,2253,138.7,228.3,10.2815,0,0,3199,12911,12689
3795,2252,138.4,227.7,10.2807,0,0,3198,12908,12686
3796,2251.1,138,227,10.28,0,0,3197,12905,12683
3797,2250.1,137.6,226.4,10.2792,0,0,3197,12901,12679
3798,2249.1,137.3,225.8,10.2784,0,0,3196,12898,12676
3799,2248.1,136.9,225.2,10.2777,0,0,3195,12894,12672
3800,2247.1,136.5,224.6,10.2769,0,0,3195,12891,12669
3801,2246.2,136.2,224,10.2761,0,0,3194,12888,12666
3802,2245.2,135.8,223.4,10.2754,0,0,3193,12884,12662
3803,2244.2,135.4,222.8,10.2746,0,0,3193,12881,12659
3804,2243.2,135,222.2,10.2738,0,0,3192,12877,12655
3805,2242.3,134.7,221.6,10.2731,0,0,3191,12874,12652
3806,2241.3,134.3,221,10.2723,0,0,3191,12871,12649
3807,2240.3,133.9,220.4,10.2715,0,0,3190,12867,12645
3808,2239.3,133.6,219.8,10.2707,0,0,3189,12864,12642
3809,2238.3,133.2,219.2,10.2699,0,0,3189,12860,12638
3810,2237.4,132.8,218.5,10.2692,0,0,3188,12857,12635
3811,2236.4,132.5,217.9,10.2684,0,0,3187,12854,12632
3812,2235.4,132.1,217.3,10.2676,0,0,3187,12850,12628
3813,2234.4,131.7,216.7,10.2668,0,0,3186,12847,12625
3814,2233.5,131.3,216.1,10.2661,0,0,3185,12844,12622
3815,2232.5,131,215.5,10.2653,0,0,3185,12840,12618
3816,2231.5,130.6,214.9,10.2645,0,0,3184,12837,12615
3817,2230.5,130.2,214.3,10.2637,0,0,3183,12833,12611
3818,2229.6,129.9,213.7,10.263,0,0,3183,12830,12608
3819,2228.6,129.5,213.1,10.2622,0,0,3182,12827,12605
3820,2227.6,129.1,212.5,10.2614,0,0,3181,12823,12601
3821,2226.6,128.8,211.9,10.2606,0,0,3181,12820,12598
3822,2225.6,128.4,211.3,10.2598,0,0,3180,12816,12594
3823,2224.7,128,210.7,10.2591,0,0,3179,12813,12591
3824,2223.7,127.6,210,10.2583,0,0,3179,12810,12588
3825,2222.7,127.3,209.4,10.2576,0,0,3178,12806,12584
3826,2221.7,126.9,208.8,10.2568,0,0,3177,12803,12581
3827,2220.8,126.5,208.2,10.256,0,0,3177,12800,12578
3828,2219.8,126.2,207.6,10.2553,0,0,3176,12796,12574
3829,2218.8,125.8,207,10.2545,0,0,3175,12793,12571
3830,2217.8,125.4,206.4,10.2537,0,0,3175,12789,12567
3831,2216.8,125,205.8,10.2529,0,0,3174,12786,12564
3832,2215.9,124.7,205.2,10.2522,0,0,3173,12783,12561
3833,2214.9,124.3,204.6,10.2514,0,0,3173,12779,12557
3834,2213.9,123.9,204,10.2506,0,0,3172,12776,12554
3835,2212.9,123.6,203.4,10.2498,0,0,3171,12772,12550
3836,2212,123.2,202.8,10.2491,0,0,3171,12769,12547
3837,2211,122.8,202.2,10.2483,0,0,3170,12766,12544
3838,2210,122.5,201.5,10.2475,0,0,3169,12762,12540
3839,2209,122.1,200.9,10.2467,0,0,3168,12759,12537
3840,2208.1,121.7,200.3,10.246,0,0,3168,12756,12534
3841,2207.1,121.3,199.7,10.2452,0,0,3167,12752,12530
3842,2206.1,121,199.1,10.2444,0,0,3166,12749,12527
3843,2205.1,120.6,198.5,10.2436,0,0,3166,12745,12523
3844,2204.1,120.2,197.9,10.2428,0,0,3165,12742,12520
3845,2203.2,119.9,197.3,10.2421,0,0,3165,12739,12517
3846,2202.2,119.5,196.7,10.2413,0,0,3164,12735,12513
3847,2201.2,119.1,196.1,10.2405,0,0,3163,12732,12510
3848,2200.2,118.8,195.5,10.2397,0,0,3162,12728,12506
3849,2199.3,118.4,194.9,10.239,0,0,3162,12725,12503
3850,2198.3,118,194.3,10.2382,0,0,3161,12722,12500
3851,2197.3,117.6,193.7,10.2375,0,0,3160,12718,12496
3852,2196.3,117.3,193,10.2367,0,0,3160,12715,12493
3853,2195.3,116.9,192.4,10.2359,0,0,3159,12711,12489
3854,2194.4,116.5,191.8,10.2352,0,0,3158,12708,12486
3855,2193.4,116.2,191.2,10.2344,0,0,3158,12705,12483
3856,2192.4,115.8,190.6,10.2336,0,0,3157,12701,12479
3857,2191.4,115.4,190,10.2328,0,0,3156,12698,12476
3858,2190.5,115.1,189.4,10.2321,0,0,3156,12695,12473
3859,2189.5,114.7,188.8,10.2313,0,0,3155,12691,12469
3860,2188.5,114.3,188.2,10.2305,0,0,3154,12688,12466
3861,2187.5,113.9,187.6,10.2297,0,0,3154,12684,12462
3862,2186.6,113.6,187,10.229,0,0,3153,12681,12459
3863,2185.6,113.2,186.4,10.2282,0,0,3152,12678,12456
3864,2184.6,112.8,185.8,10.2274,0,0,3152,12674,12452
3865,2183.6,112.5,185.2,10.2266,0,0,3151,12671,12449
3866,2182.6,112.1,184.6,10.2258,0,0,3150,12667,12445
3867,2181.7,111.7,183.9,10.2251,0,0,3150,12664,12442
3868,2180.7,111.4,183.3,10.2243,0,0,3149,12661,12439
3869,2179.7,111,182.7,10.2235,0,0,3148,12657,12435
3870,2178.7,110.6,182.1,10.2227,0,0,3148,12654,12432
3871,2177.8,110.2,181.5,10.222,0,0,3147,12651,12429
3872,2176.8,109.9,180.9,10.2212,0,0,3146,12647,12425
3873,2175.8,109.5,180.3,10.2204,0,0,3146,12644,12422
3874,2174.8,109.1,179.7,10.2197,0,0,3145,12640,12418
3875,2173.8,108.8,179.1,10.2189,0,0,3144,12637,12415
3876,2172.9,108.4,178.5,10.2181,0,0,3144,12634,12412
3877,2171.9,108,177.9,10.2174,0,0,3143,12630,12408
3878,2170.9,107.7,177.3,10.2166,0,0,3142,12627,12405
3879,2169.9,107.3,176.7,10.2158,0,0,3142,12623,12401
3880,2169,106.9,176.1,10.2151,0,0,3141,12620,12398
3881,2168,106.5,175.4,10.2143,0,0,3140,12617,12395
3882,2167,106.2,174.8,10.2135,0,0,3140,12613,12391
3883,2166,105.8,174.2,10.2127,0,0,3139,12610,12388
3884,2165.1,105.4,173.6,10.212,0,0,3138,12607,12385
3885,2164.1,105.1,173,10.2112,0,0,3138,12603,12381
3886,2163.1,104.7,172.4,10.2104,0,0,3137,12600,12378
3887,2162.1,104.3,171.8,10.2096,0,0,3136,12596,12374
3888,2161.1,103.9,171.2,10.2088,0,0,3136,12593,12371
3889,2160.2,103.6,170.6,10.2081,0,0,3135,12590,12368
3890,2159.2,103.2,170,10.2073,0,0,3134,12586,12364
3891,2158.2,102.8,169.4,10.2065,0,0,3134,12583,12361
3892,2157.2,102.5,168.8,10.2057,0,0,3133,12579,12357
3893,2156.3,102.1,168.2,10.205,0,0,3132,12576,12354
3894,2155.3,101.7,167.6,10.2042,0,0,3132,12573,12351
3895,2154.3,101.4,166.9,10.2034,0,0,3131,12569,12347
3896,2153.3,101,166.3,10.2026,0,0,3130,12566,12344
3897,2152.3,100.6,165.7,10.2018,0,0,3130,12562,12340
3898,2151.4,100.2,165.1,10.2011,0,0,3129,12559,12337
3899,2150.4,99.9,164.5,10.2003,0,0,3128,12556,12334
3900,2149.4,99.5,163.9,10.1996,0,0,3128,12552,12330
3901,2148.4,99.1,163.3,10.1987,0,0,3127,12549,12327
3902,2147.5,98.8,162.7,10.198,0,0,3126,12545,12323
3903,2146.5,98.4,162.1,10.1971,0,0,3126,12542,12320
3904,2145.5,98,161.5,10.1963,0,0,3125,12538,12316
3905,2144.5,97.7,160.9,10.1954,0,0,3124,12535,12313
3906,2143.6,97.3,160.3,10.1946,0,0,3124,12532,12310
3907,2142.6,96.9,159.7,10.1938,0,0,3123,12528,12306
3908,2141.6,96.5,159.1,10.1929,0,0,3122,12524,12302
3909,2140.6,96.2,158.4,10.1921,0,0,3122,12521,12299
3910,2139.6,95.8,157.8,10.1912,0,0,3121,12517,12295
3911,2138.7,95.4,157.2,10.1905,0,0,3120,12514,12292
3912,2137.7,95.1,156.6,10.1896,0,0,3120,12511,12289
3913,2136.7,94.7,156,10.1888,0,0,3119,12507,12285
3914,2135.7,94.3,155.4,10.1879,0,0,3118,12504,12282
3915,2134.8,94,154.8,10.1871,0,0,3118,12500,12278
3916,2133.8,93.6,154.2,10.1863,0,0,3117,12497,12275
3917,2132.8,93.2,153.6,10.1854,0,0,3116,12493,12271
3918,2131.8,92.8,153,10.1846,0,0,3116,12490,12268
3919,2130.8,92.5,152.4,10.1837,0,0,3115,12486,12264
3920,2129.9,92.1,151.8,10.183,0,0,3114,12483,12261
3921,2128.9,91.7,151.2,10.1821,0,0,3114,12479,12257
3922,2127.9,91.4,150.6,10.1813,0,0,3113,12476,12254
3923,2126.9,91,149.9,10.1804,0,0,3112,12472,12250
3924,2126,90.6,149.3,10.1796,0,0,3112,12469,12247
3925,2125,90.3,148.7,10.1788,0,0,3111,12466,12244
3926,2124,89.9,148.1,10.1779,0,0,3110,12462,12240
3927,2123,89.5,147.5,10.1771,0,0,3110,12458,12236
3928,2122.1,89.1,146.9,10.1763,0,0,3109,12455,12233
3929,2121.1,88.8,146.3,10.1754,0,0,3108,12452,12230
3930,2120.1,88.4,145.7,10.1746,0,0,3108,12448,12226
3931,2119.1,88,145.1,10.1737,0,0,3107,12445,12223
3932,2118.1,87.7,144.5,10.1729,0,0,3106,12441,12219
3933,2117.2,87.3,143.9,10.1721,0,0,3106,12438,12216
3934,2116.2,86.9,143.3,10.1713,0,0,3105,12434,12212
3935,2115.2,86.6,142.7,10.1704,0,0,3104,12431,12209
3936,2114.2,86.2,142.1,10.1696,0,0,3104,12427,12205
3937,2113.3,85.8,141.4,10.1688,0,0,3103,12424,12202
3938,2112.3,85.4,140.8,10.1679,0,0,3102,12420,12198
3939,2111.3,85.1,140.2,10.1671,0,0,3102,12417,12195
3940,2110.3,84.7,139.6,10.1662,0,0,3101,12413,12191
3941,2109.3,84.3,139,10.1654,0,0,3100,12410,12188
3942,2108.4,84,138.4,10.1646,0,0,3100,12407,12185
3943,2107.4,83.6,137.8,10.1638,0,0,3099,12403,12181
3944,2106.4,83.2,137.2,10.1629,0,0,3098,12399,12177
3945,2105.4,82.8,136.6,10.1621,0,0,3098,12396,12174
3946,2104.5,82.5,136,10.1613,0,0,3097,12393,12171
3947,2103.5,82.1,135.4,10.1604,0,0,3096,12389,12167
3948,2102.5,81.7,134.8,10.1596,0,0,3096,12386,12164
3949,2101.5,81.4,134.2,10.1587,0,0,3095,12382,12160
3950,2100.6,81,133.6,10.158,0,0,3095,12379,12157
3951,2099.6,80.6,132.9,10.1571,0,0,3094,12375,12153
3952,2098.6,80.3,132.3,10.1563,0,0,3093,12372,12150
3953,2097.6,79.9,131.7,10.1554,0,0,3092,12368,12146
3954,2096.6,79.5,131.1,10.1545,0,0,3092,12365,12143
3955,2095.7,79.1,130.5,10.1538,0,0,3091,12361,12139
3956,2094.7,78.8,129.9,10.1529,0,0,3091,12358,12136
3957,2093.7,78.4,129.3,10.1521,0,0,3090,12354,12132
3958,2092.7,78,128.7,10.1512,0,0,3089,12351,12129
3959,2091.8,77.7,128.1,10.1504,0,0,3089,12348,12126
3960,2090.8,77.3,127.5,10.1496,0,0,3088,12344,12122
3961,2089.8,76.9,126.9,10.1487,0,0,3087,12340,12118
3962,2088.8,76.6,126.3,10.1479,0,0,3086,12337,12115
3963,2087.8,76.2,125.7,10.147,0,0,3086,12333,12111
3964,2086.9,75.8,125.1,10.1463,0,0,3085,12330,12108
3965,2085.9,75.4,124.4,10.1454,0,0,3085,12327,12105
3966,2084.9,75.1,123.8,10.1446,0,0,3084,12323,12101
3967,2083.9,74.7,123.2,10.1437,0,0,3083,12319,12097
3968,2083,74.3,122.6,10.1429,0,0,3083,12316,12094
3969,2082,74,122,10.1421,0,0,3082,12313,12091
3970,2081,73.6,121.4,10.1412,0,0,3081,12309,12087
3971,2080,73.2,120.8,10.1404,0,0,3081,12306,12084
3972,2079.1,72.9,120.2,10.1396,0,0,3080,12302,12080
3973,2078.1,72.5,119.6,10.1388,0,0,3079,12299,12077
3974,2077.1,72.1,119,10.1379,0,0,3079,12295,12073
3975,2076.1,71.7,118.4,10.1371,0,0,3078,12292,12070
3976,2075.1,71.4,117.8,10.1362,0,0,3077,12288,12066
3977,2074.2,71,117.2,10.1354,0,0,3077,12285,12063
3978,2073.2,70.6,116.6,10.1346,0,0,3076,12281,12059
3979,2072.2,70.3,116,10.1337,0,0,3075,12278,12056
3980,2071.2,69.9,115.3,10.1329,0,0,3075,12274,12052
3981,2070.3,69.5,114.7,10.1321,0,0,3074,12271,12049
3982,2069.3,69.2,114.1,10.1312,0,0,3073,12268,12046
3983,2068.3,68.8,113.5,10.1304,0,0,3073,12264,12042
3984,2067.3,68.4,112.9,10.1295,0,0,3072,12261,12039
3985,2066.4,68,112.3,10.1288,0,0,3071,12257,12035
3986,2065.4,67.7,111.7,10.1279,0,0,3071,12254,12032
3987,2064.4,67.3,111.1,10.1271,0,0,3070,12250,12028
3988,2063.4,66.9,110.5,10.1262,0,0,3069,12247,12025
3989,2062.4,66.6,109.9,10.1254,0,0,3069,12243,12021
3990,2061.5,66.2,109.3,10.1246,0,0,3068,12240,12018
3991,2060.5,65.8,108.7,10.1237,0,0,3067,12236,12014
3992,2059.5,65.5,108.1,10.1229,0,0,3067,12233,12011
3993,2058.5,65.1,107.5,10.122,0,0,3066,12229,12007
3994,2057.6,64.7,106.8,10.1213,0,0,3065,12226,12004
3995,2056.6,64.3,106.2,10.1204,0,0,3065,12223,12001
3996,2055.6,64,105.6,10.1196,0,0,3064,12219,11997
3997,2054.6,63.6,105,10.1187,0,0,3063,12215,11993
3998,2053.6,63.2,104.4,10.1179,0,0,3063,12212,11990
3999,2052.7,62.9,103.8,10.1171,0,0,3062,12209,11987
4000,2051.7,62.5,103.2,10.1162,0,0,3061,12205,11983
4001,2050.7,62.1,102.6,10.1153,0,0,3061,12201,11979
4002,2049.7,61.7,102,10.1143,0,0,3060,12198,11976
4003,2048.8,61.4,101.4,10.1135,0,0,3059,12195,11973
4004,2047.8,61,100.8,10.1126,0,0,3059,12191,11969
4005,2046.8,60.6,100.2,10.1117,0,0,3058,12187,11965
4006,2045.8,60.3,99.6,10.1108,0,0,3057,12184,11962
4007,2044.9,59.9,99,10.1099,0,0,3057,12181,11959
4008,2043.9,59.5,98.3,10.109,0,0,3056,12177,11955
4009,2042.9,59.2,97.7,10.1081,0,0,3055,12173,11951
4010,2041.9,58.8,97.1,10.1072,0,0,3055,12170,11948
4011,2040.9,58.4,96.5,10.1063,0,0,3054,12166,11944
4012,2040,58,95.9,10.1055,0,0,3053,12163,11941
4013,2039,57.7,95.3,10.1045,0,0,3053,12159,11937
4014,2038,57.3,94.7,10.1036,0,0,3052,12156,11934
4015,2037,56.9,94.1,10.1027,0,0,3051,12152,11930
4016,2036.1,56.6,93.5,10.1019,0,0,3051,12149,11927
4017,2035.1,56.2,92.9,10.101,0,0,3050,12145,11923
4018,2034.1,55.8,92.3,10.1001,0,0,3049,12142,11920
4019,2033.1,55.5,91.7,10.0991,0,0,3049,12138,11916
4020,2032.1,55.1,91.1,10.0982,0,0,3048,12134,11912
4021,2031.2,54.7,90.5,10.0974,0,0,3048,12131,11909
4022,2030.2,54.3,89.8,10.0965,0,0,3047,12128,11905
4023,2029.2,54,89.2,10.0956,0,0,3046,12124,11902
4024,2028.2,53.6,88.6,10.0947,0,0,3046,12120,11898
4025,2027.3,53.2,88,10.0938,0,0,3045,12117,11895
4026,2026.3,52.9,87.4,10.0929,0,0,3044,12114,11891
4027,2025.3,52.5,86.8,10.092,0,0,3044,12110,11888
4028,2024.3,52.1,86.2,10.0911,0,0,3043,12106,11884
4029,2023.4,51.8,85.6,10.0903,0,0,3042,12103,11881
4030,2022.4,51.4,85,10.0893,0,0,3042,12100,11877
4031,2021.4,51,84.4,10.0884,0,0,3041,12096,11874
4032,2020.4,50.6,83.8,10.0875,0,0,3040,12092,11870
4033,2019.4,50.3,83.2,10.0866,0,0,3040,12089,11866
4034,2018.5,49.9,82.6,10.0858,0,0,3039,12086,11863
4035,2017.5,49.5,82,10.0849,0,0,3038,12082,11860
4036,2016.5,49.2,81.3,10.0839,0,0,3038,12078,11856
4037,2015.5,48.8,80.7,10.083,0,0,3037,12075,11852
4038,2014.6,48.4,80.1,10.0822,0,0,3036,12071,11849
4039,2013.6,48.1,79.5,10.0813,0,0,3036,12068,11846
4040,2012.6,47.7,78.9,10.0804,0,0,3035,12064,11842
4041,2011.6,47.3,78.3,10.0795,0,0,3034,12061,11838
4042,2010.6,46.9,77.7,10.0785,0,0,3034,12057,11835
4043,2009.7,46.6,77.1,10.0777,0,0,3033,12054,11831
4044,2008.7,46.2,76.5,10.0768,0,0,3032,12050,11828
4045,2007.7,45.8,75.9,10.0759,0,0,3032,12047,11824
4046,2006.7,45.5,75.3,10.075,0,0,3031,12043,11821
4047,2005.8,45.1,74.7,10.0741,0,0,3030,12040,11817
4048,2004.8,44.7,74.1,10.0732,0,0,3030,12036,11814
4049,2003.8,44.4,73.5,10.0723,0,0,3029,12033,11810
4050,2002.8,44,72.8,10.0714,0,0,3028,12029,11807
4051,2001.9,43.6,72.2,10.0706,0,0,3028,12026,11803
4052,2000.9,43.2,71.6,10.0697,0,0,3027,12022,11800
4053,1999.9,42.9,71,10.0687,0,0,3027,12019,11796
4054,1998.9,42.5,70.4,10.0678,0,0,3026,12015,11792
4055,1997.9,42.1,69.8,10.0669,0,0,3025,12011,11789
4056,1997,41.8,69.2,10.0661,0,0,3025,12008,11786
4057,1996,41.4,68.6,10.0652,0,0,3024,12005,11782
4058,1995,41,68,10.0643,0,0,3023,12001,11778
4059,1994,40.6,67.4,10.0633,0,0,3023,11997,11775
4060,1993.1,40.3,66.8,10.0625,0,0,3022,11994,11772
4061,1992.1,39.9,66.2,10.0616,0,0,3021,11990,11768
4062,1991.1,39.5,65.6,10.0607,0,0,3021,11987,11764
4063,1990.1,39.2,65,10.0598,0,0,3020,11983,11761
4064,1989.1,38.8,64.3,10.0589,0,0,3019,11980,11757
4065,1988.2,38.4,63.7,10.058,0,0,3019,11976,11754
4066,1987.2,38.1,63.1,10.0571,0,0,3018,11973,11750
4067,1986.2,37.7,62.5,10.0562,0,0,3017,11969,11747
4068,1985.2,37.3,61.9,10.0553,0,0,3017,11966,11743
4069,1984.3,36.9,61.3,10.0545,0,0,3016,11962,11740
4070,1983.3,36.6,60.7,10.0535,0,0,3015,11959,11736
4071,1982.3,36.2,60.1,10.0526,0,0,3015,11955,11733
4072,1981.3,35.8,59.5,10.0517,0,0,3014,11952,11729
4073,1980.4,35.5,58.9,10.0509,0,0,3013,11948,11726
4074,1979.4,35.1,58.3,10.05,0,0,3013,11945,11722
4075,1978.4,34.7,57.7,10.0491,0,0,3012,11941,11718
4076,1977.4,34.4,57.1,10.0481,0,0,3011,11938,11715
4077,1976.4,34,56.5,10.0472,0,0,3011,11934,11711
4078,1975.5,33.6,55.8,10.0464,0,0,3010,11931,11708
4079,1974.5,33.2,55.2,10.0455,0,0,3009,11927,11704
4080,1973.5,32.9,54.6,10.0446,0,0,3009,11924,11701
4081,1972.5,32.5,54,10.0437,0,0,3008,11920,11697
4082,1971.6,32.1,53.4,10.0428,0,0,3008,11917,11694
4083,1970.6,31.8,52.8,10.0419,0,0,3007,11913,11690
4084,1969.6,31.4,52.2,10.041,0,0,3006,11909,11687
4085,1968.6,31,51.6,10.0401,0,0,3006,11906,11683
4086,1967.6,30.7,51,10.0392,0,0,3005,11902,11679
4087,1966.7,30.3,50.4,10.0383,0,0,3004,11899,11676
4088,1965.7,29.9,49.8,10.0374,0,0,3004,11895,11673
4089,1964.7,29.5,49.2,10.0365,0,0,3003,11892,11669
4090,1963.7,29.2,48.6,10.0356,0,0,3002,11888,11665
4091,1962.8,28.8,48,10.0348,0,0,3002,11885,11662
4092,1961.8,28.4,47.4,10.0339,0,0,3001,11881,11659
4093,1960.8,28.1,46.7,10.0329,0,0,3000,11878,11655
4094,1959.8,27.7,46.1,10.032,0,0,3000,11874,11651
4095,1958.9,27.3,45.5,10.0312,0,0,2999,11871,11648
4096,1957.9,27,44.9,10.0303,0,0,2998,11867,11644
4097,1956.9,26.6,44.3,10.0294,0,0,2998,11864,11641
4098,1955.9,26.2,43.7,10.0284,0,0,2997,11860,11637
4099,1954.9,25.8,43.1,10.0275,0,0,2996,11856,11634
4100,1954,25.5,42.5,10.0266,0,0,2996,11853,11630
4101,1953,25.1,41.9,10.0257,0,0,2995,11850,11627
4102,1952,24.7,41.3,10.0247,0,0,2994,11846,11623
4103,1951,24.4,40.7,10.0238,0,0,2994,11842,11619
4104,1950.1,24,40.1,10.0229,0,0,2993,11839,11616
4105,1949.1,23.6,39.5,10.022,0,0,2993,11835,11613
4106,1948.1,23.3,38.9,10.021,0,0,2992,11832,11609
4107,1947.1,22.9,38.2,10.0201,0,0,2991,11828,11605
4108,1946.1,22.5,37.6,10.0191,0,0,2991,11825,11602
4109,1945.2,22.1,37,10.0183,0,0,2990,11821,11598
4110,1944.2,21.8,36.4,10.0173,0,0,2989,11818,11595
4111,1943.2,21.4,35.8,10.0164,0,0,2989,11814,11591
4112,1942.2,21,35.2,10.0154,0,0,2988,11810,11588
4113,1941.3,20.7,34.6,10.0146,0,0,2987,11807,11584
4114,1940.3,20.3,34,10.0136,0,0,2987,11803,11581
4115,1939.3,19.9,33.4,10.0127,0,0,2986,11800,11577
4116,1938.3,19.6,32.8,10.0117,0,0,2985,11796,11573
4117,1937.4,19.2,32.2,10.0109,0,0,2985,11793,11570
4118,1936.4,18.8,31.6,10.0099,0,0,2984,11789,11567
4119,1935.4,18.4,31,10.009,0,0,2984,11786,11563
4120,1934.4,18.1,30.4,10.0081,0,0,2983,11782,11559
4121,1933.4,17.7,29.7,10.0071,0,0,2982,11778,11556
4122,1932.5,17.3,29.1,10.0063,0,0,2982,11775,11552
4123,1931.5,17,28.5,10.0053,0,0,2981,11771,11549
4124,1930.5,16.6,27.9,10.0044,0,0,2980,11768,11545
4125,1929.5,16.2,27.3,10.0034,0,0,2980,11764,11542
4126,1928.6,15.8,26.7,10.0026,0,0,2979,11761,11538
4127,1927.6,15.5,26.1,10.0016,0,0,2978,11757,11535
4128,1926.6,15.1,25.5,10.0007,0,0,2978,11754,11531
4129,1925.6,14.7,24.9,9.9997,0,0,2977,11750,11527
4130,1924.6,14.4,24.3,9.9988,0,0,2977,11746,11524
4131,1923.7,14,23.7,9.9979,0,0,2976,11743,11521
4132,1922.7,13.6,23.1,9.997,0,0,2975,11739,11517
4133,1921.7,13.3,22.5,9.996,0,0,2975,11736,11513
4134,1920.7,12.9,21.9,9.9951,0,0,2974,11732,11510
4135,1919.8,12.5,21.2,9.9942,0,0,2973,11729,11506
4136,1918.8,12.1,20.6,9.9933,0,0,2973,11725,11503
4137,1917.8,11.8,20,9.9923,0,0,2972,11722,11499
4138,1916.8,11.4,19.4,9.9914,0,0,2971,11718,11496
4139,1915.9,11,18.8,9.9905,0,0,2971,11715,11492
4140,1914.9,10.7,18.2,9.9896,0,0,2970,11711,11489
4141,1913.9,10.3,17.6,9.9886,0,0,2970,11708,11485
4142,1912.9,9.9,17,9.9877,0,0,2969,11704,11481
4143,1911.9,9.6,16.4,9.9867,0,0,2968,11700,11478
4144,1911,9.2,15.8,9.9859,0,0,2968,11697,11475
4145,1910,8.8,15.2,9.9849,0,0,2967,11693,11471
4146,1909,8.4,14.6,9.984,0,0,2966,11690,11467
4147,1908,8.1,14,9.983,0,0,2966,11686,11464
4148,1907.1,7.7,13.4,9.9822,0,0,2965,11683,11460
4149,1906.1,7.3,12.7,9.9812,0,0,2964,11679,11457
4150,1905.1,7,12.1,9.9803,0,0,2964,11676,11453
4151,1904.1,6.6,11.5,9.9793,0,0,2963,11672,11450
4152,1903.2,6.2,10.9,9.9785,0,0,2963,11669,11446
4153,1902.2,5.9,10.3,9.9775,0,0,2962,11665,11443
4154,1901.2,5.5,9.7,9.9766,0,0,2961,11661,11439
4155,1900.2,5.1,9.1,9.9756,0,0,2961,11658,11435
4156,1899.2,4.7,8.5,9.9747,0,0,2960,11654,11432
4157,1898.3,4.4,7.9,9.9738,0,0,2959,11651,11428
4158,1897.3,4,7.3,9.9729,0,0,2959,11647,11425
4159,1896.3,3.6,6.7,9.9719,0,0,2958,11644,11421
4160,1895.3,3.3,6.1,9.971,0,0,2957,11640,11418
4161,1894.4,2.9,5.5,9.9701,0,0,2957,11637,11414
4162,1893.4,2.5,4.9,9.9692,0,0,2956,11633,11411
4163,1892.4,2.2,4.2,9.9682,0,0,2955,11629,11407
4164,1891.4,1.8,3.6,9.9673,0,0,2955,11626,11403
4165,1890.4,1.4,3,9.9663,0,0,2954,11622,11400
4166,1889.5,1,2.4,9.9655,0,0,2954,11619,11397
4167,1888.5,0.7,1.8,9.9645,0,0,2953,11615,11393
4168,1887.5,0.3,1.2,9.9636,0,0,2952,11612,11389
4169,1886.5,-0.1,0.6,9.9626,0,0,2952,11608,11386
4169.4393,1886.1,-0.2,0.3,9.9623,0,0,2951,11607,11384